stableBindProbability,chemokineExpressionThreshold,initialChemokineExpressionValue,maxChemokineExpressionValue,maxProbabilityOfAdhesion,adhesionFactorExpressionSlope,Velocity,Displacement
63.8870291068684,0.738687975020334,0.150462160198018,0.0299383036779426,0.866686868487718,0.569160230072564,1.08958863106698,27.9770280485774
97.4719759861007,0.241536056525633,0.127347518739663,0.070033726479502,0.725104774672724,3.19126452945347,1.79095368197744,28.9958618811378
12.400164475292,0.713222049494088,0.324178139681555,0.0531356689167907,0.65061536949831,4.91505450518127,2.86249336792086,36.2925556443294
54.3095495828427,0.217309797171503,0.492965605920367,0.0657751419499214,0.666691151132481,3.15210834594758,2.40888554251581,38.5681944478094
70.664139855234,0.358428903314844,0.236650329441205,0.0515319782996434,0.316251154618245,3.37739287579688,4.22543749578411,45.9017088988877
5.96814445042983,0.205848046946898,0.327624837643467,0.0411800629508239,0.263242787514906,2.45669429470401,4.91796316919431,62.669169744282
27.8059746341314,0.223543454981968,0.401660757191665,0.0387557378439978,0.602805387323117,2.15085037875641,3.47453345035917,54.4701788269736
15.6603861471638,0.203909267358109,0.28858863485083,0.0575089839376882,0.86093357954952,2.94863652998477,1.50864603331724,36.8789456399269
13.1732284398749,0.364757959121093,0.487278831706196,0.0431642492717551,0.56966617667554,2.1275669391359,3.51345419199456,49.540817601564
99.8840541103855,0.868570126310363,0.356422199155763,0.0792440722756088,0.611374593847804,1.2562171332367,2.70368366665855,34.6091118319174
1.15667706360109,0.79039148782231,0.124369610697217,0.073601121643458,0.740702194878552,3.91316631173133,4.28989332903023,29.3517727485674
47.1247790883761,0.841823006303981,0.437314100220427,0.0201736391422595,0.710846773131378,1.07064675247425,2.29346400808986,40.7273907517663
39.3830865846015,0.159172410147265,0.281679976897314,0.0178907124236738,0.88438964010342,1.36719581601641,3.6,74.4380838154394
60.4726263038348,0.26596072820127,0.122926536699757,0.0266162689974858,0.116001504464634,2.72100733188237,5.00581014849482,69.3272214919425
83.5451162463985,0.615464580613747,0.316107202319428,0.0277265624957462,0.988793089111568,1.80311127977341,0.0790617339892077,6.95776138530087
61.9635522246826,0.82581434520632,0.235015705724619,0.0636104724378744,0.600793610834843,4.4972626580944,2.72031818925309,35.4327609251559
9.72434496255592,0.200813635575399,0.351484364668094,0.0566246667567873,0.821099548402987,3.55966028099973,2.01007123082628,38.8668880935981
59.9953809585888,0.772392797804624,0.330685328275338,0.0256957987182448,0.137992118940502,1.10668625417817,4.95957926848451,49.4422420562592
48.1021588390227,0.114544215907529,0.263213937943056,0.0442680200063367,0.692339244718477,0.655766999028507,2.84347019132901,50.5014839328733
51.017747729132,0.215777657123655,0.41121441735886,0.0794594436488347,0.380382261216501,1.01141423744126,3.97528108029437,43.307640283209
11.2764811779838,0.745832318841293,0.184054830498993,0.0472759268739773,0.333215369320335,3.7884263944485,4.49654092526491,42.6051322712716
70.512228147639,0.434787400777265,0.162771734091453,0.0261466751654516,0.203384942984348,4.89755988914112,4.68634927297608,61.3254328911769
11.4184694210533,0.402746991212666,0.40964539384041,0.0607989841465442,0.63585158751118,2.99862133332936,3.02737195484666,40.2248893038692
90.3264930563979,0.660159387115389,0.44827166878581,0.0570144149481389,0.481361357230926,3.46932810539834,3.30977349499551,37.3627190969224
28.9534890652169,0.609962799536809,0.345932943714224,0.0223591955001629,0.549725257403683,4.72367514248122,3.72006031121798,58.2375863245857
87.1561732627451,0.871021278858185,0.293606527472101,0.0522922801429452,0.970554060483677,2.48995836113265,0.196641728685458,11.0604686756984
14.9882397615351,0.329915446244553,0.354180564201251,0.075398691262796,0.198387433426362,2.54047207949834,4.89619626788818,45.3633498053092
74.6959094195627,0.794145758609474,0.420877968959883,0.0743099865513272,0.106856679323548,3.33792854066088,5.21606085247425,43.4390687817249
45.49335282268,0.688103923623264,0.438680602551811,0.024422220307847,0.878285104662972,1.04583580330503,1.31938249471035,36.0339862060159
82.2703958638012,0.372113772513345,0.442250868527591,0.0245242283645831,0.862821377883479,4.08693017602467,1.46508095067228,41.9645025179996
98.9122999605723,0.835704881782085,0.32177003716547,0.0461929796721973,0.50127859783168,3.82271941847866,3.24317479717106,35.3503510071417
29.8710366955493,0.453632387778163,0.228873225358687,0.0419451378704864,0.618203036830341,4.18528212915524,2.96270668385687,45.6211586716284
80.5389569383115,0.195101917972788,0.229645876907557,0.0677597579592047,0.135495421537152,1.65085367555311,4.91716616971686,46.5357982121507
84.770337461913,0.417620923705772,0.489436215192638,0.0277694003925729,0.669148489071941,2.13214609945007,2.70571528065104,48.1076444582565
50.5036842054222,0.775917546701804,0.244556925476529,0.079177145699046,0.496223745494382,2.36408105297782,3.42751876468146,37.3323580554252
39.811415719986,0.842852481492236,0.344892037667893,0.0420685224921047,0.755290522130625,4.12272536072752,1.79143597358536,31.298187817685
79.8485047932249,0.328079537139088,0.349993587798439,0.0251081888069306,0.850777218320174,1.47226435703808,1.75979698268252,43.9754074051793
50.154891949147,0.336369775854796,0.23248115659114,0.0697529449397745,0.889203382645361,0.91892147605936,0.895126920278503,25.2470667415868
82.5747825957835,0.191474432549253,0.334604050175659,0.0724469454933424,0.708291157154692,1.02764924731746,2.03112808267007,32.9686877268112
61.7105266627856,0.855296883350983,0.140175741200149,0.0732013398934086,0.705059620062588,4.6176587774331,2.11355886320203,32.1403596194068
43.1179720637854,0.322782364729419,0.201816718397103,0.0174388283312274,0.35587651316314,0.635211018647766,4.55250151726361,75.8693225650173
17.4768755977042,0.767501470745355,0.209756371163018,0.0666663576456392,0.986498662359733,2.53846571112156,0.115050997920989,7.57741135542009
31.6490201648325,0.846631468714401,0.402691138036363,0.0185955881607882,0.428095102842012,1.24021168338938,3.85201074819828,47.6999523637121
44.6702832596842,0.796429148060083,0.306278278750554,0.0230714126154338,0.763230392056797,1.52222712995159,1.94267689473829,37.8129858593649
72.8618680336047,0.21183688695915,0.252658695711941,0.0590216590146534,0.65963568398403,1.12739223029418,2.43423150662681,38.3395618930431
75.2826899796724,0.419208466741443,0.446569943399169,0.0384278846880281,0.266401592826983,2.8702064171565,4.37989794244617,49.820627535795
20.1816727737896,0.459873305064812,0.109305460109003,0.0783278019505763,0.303956329130987,0.901391770843998,4.46215578822934,42.6821518993699
18.836153938761,0.844408634977788,0.462545698044822,0.0247442338330322,0.334312918907218,3.71699820029328,4.36457783641257,45.8289730926276
24.8220864654053,0.884893090918288,0.277235436426103,0.0584323676499538,0.181475053347228,4.06759262135881,5.02432758751651,40.4327036685723
27.6837366302032,0.800642138145492,0.241986853741482,0.0544306081263558,0.599638342228066,3.8891279884266,2.87575091940898,35.800017984541
68.7794593977276,0.880708011732623,0.279396782906354,0.017037280804913,0.691011985156639,1.3380994225411,2.26147560034433,37.1032452277015
21.9675038556103,0.802450331942365,0.383235987436399,0.0435896967985155,0.102354025408067,3.79491625407105,5.252877492777,44.2933688278161
39.6903277141508,0.369515636738017,0.261844644394703,0.0634708670148114,0.409155362260947,4.270135714103,3.8320074749703,43.8996027665199
29.1916663842741,0.663603503284603,0.286293834052607,0.0614262346730195,0.700190282511478,4.66516509154171,2.22458122988883,34.0334400915102
8.03818615726195,0.754781799320132,0.320841970522516,0.0189777906339173,0.816429626961611,0.733732312702225,3.18385187820232,56.2359826159975
26.4977556518745,0.85417758932747,0.470515554946661,0.031086775628794,0.919781299252436,3.2664975218433,0.651616078941442,20.3722292428233
62.7770660091657,0.142212634206191,0.170977935796045,0.0738832017554762,0.373741486754781,2.65046363714465,3.9426950201649,44.9028741401249
53.3548412157223,0.325068517705053,0.477442017623037,0.0581422404354368,0.8031981147605,4.55414607684081,1.49462271315353,32.3667841048454
73.832686214149,0.455878876913339,0.131442696098052,0.0595136762858415,0.778973624562658,1.68594135528163,1.55618292969398,30.4157974833457
65.7350752767176,0.562500248584151,0.10357612178009,0.0672659885936975,0.307880298666842,2.2273263440571,4.26119520264504,42.8152453385294
26.9581573246978,0.341329648841918,0.496844937496632,0.0482444398582098,0.994939900782425,4.11246942882368,0,3.92440420960647
92.3934747538064,0.132391191504896,0.464250212212093,0.0269921912061516,0.39642884990694,3.69220552857756,4.00320939008299,58.0792732281147
13.2507168214768,0.444632810595632,0.365673101668805,0.0179923408214329,0.231626732973149,0.538240786851849,4.88425231429105,77.3574384253697
20.9766159857158,0.888333990518376,0.197593161087297,0.0323121439978946,0.312083168354584,3.22512761537428,4.46010003446481,41.1864094176694
78.0525991857052,0.423071395973489,0.393988937337138,0.0712605774543202,0.247419443614548,4.62639572786051,4.4881849897547,43.2387864363985
51.4998904705048,0.725802941003814,0.140885760067031,0.0236124859796581,0.857839815588202,0.463381234484375,2.61344163633066,43.5511377372834
77.4238686169032,0.392316609391198,0.458747230098769,0.067627587156184,0.432622552404366,0.669011212160927,3.66519945202903,40.6142006201153
89.0250640750863,0.164820097310841,0.11350961926952,0.0429888028962887,0.339073513728986,4.46166473161511,4.03477125379732,48.4074169294811
46.015798108466,0.595125145502761,0.142889674406126,0.028675433284787,0.42385064381999,2.7074629705603,3.91343038120025,52.5728610578732
90.0374662888702,0.272839968384802,0.328665642058663,0.0661737252229941,0.94113602393996,4.21941815809766,0.398989259161747,15.8183062599181
24.56520369309,0.466916986579448,0.145247049583122,0.0632661605732306,0.147273297371622,4.6975234614982,5.04060965790127,47.5643088621322
54.4841468829662,0.718173925029859,0.350524472079985,0.0352390673305164,0.964459691911656,2.05451493139158,0.266202277967238,15.2226072513505
42.6885085088201,0.250127067426592,0.37385082128495,0.03598805479815,0.618690199326165,4.65183273610997,3.28303213220191,54.3186325188543
95.5512038516346,0.700403981719539,0.148688070493378,0.0349024996724515,0.479069075887138,1.39279191835644,3.29078725908971,37.3730196365647
29.4468875029124,0.526091637846455,0.347342240515724,0.0653548662373167,0.455764267079812,2.71230132391828,3.64307186126562,41.7433031125657
39.4375745692756,0.23831727248244,0.403630900088698,0.0559831285253353,0.463139207502967,3.59141333318374,3.63262854031275,47.648560840451
31.0304239045829,0.6923097817339,0.221392452773638,0.0194123089497816,0.784276472304296,2.58745592350129,2.8492740927473,55.9045155050338
90.7928654905409,0.131844849473983,0.34813611139413,0.0658902736683935,0.580451001677802,2.27235891398031,2.75118058911293,36.9711642779991
3.30014140913263,0.293393693854287,0.431474623914063,0.0628270145320706,0.253139547218848,4.09385655304662,5.05392596792386,47.2541149072366
19.4588941652793,0.816189553511143,0.227113964606635,0.020408779038405,0.946566948308702,4.44761098430632,0.5934017982819,28.0314940593562
1.67866210504435,0.1289016920764,0.36276319677569,0.0370264609264163,0.543009376352932,1.96502785271429,4.93124179345154,66.8975715139453
32.8585670638364,0.537051867485791,0.292417214455456,0.0427925744511327,0.124880363458395,2.28556623481715,5.05230026893852,51.1703151817244
71.8883050326258,0.853005730771273,0.209579614456184,0.0491836366258282,0.347239460168127,3.16310652655002,4.12575101066389,40.6246922540996
47.4533403609879,0.166944791113213,0.134060571775213,0.0671660281731398,0.354755872501293,3.13449906953308,4.08474503368477,47.3029319959658
16.600474804081,0.893555972429365,0.365483272740617,0.0237692639712873,0.801203745992295,4.68670351373474,1.68601776592716,30.8632182819657
54.9021245914046,0.676318571367487,0.123949596411921,0.0536597258791421,0.220160450915201,3.12238809498458,4.67129971253555,44.0998111544524
9.5784254096914,0.180781976810843,0.283787363640592,0.0636657492603385,0.513109196913335,4.96630240700487,3.88822641391824,46.8829977767017
91.6931511964183,0.248777150164545,0.220755477532558,0.0480880120049813,0.709396396943694,0.891194014691282,2.05740418575567,34.6663825158888
91.1249143061228,0.71548022803478,0.440542864659801,0.0588684169764584,0.947933558935346,3.65578580357402,0.353447546078071,14.2913125218335
18.1181816854049,0.30030500340946,0.385586948073842,0.0579361618781136,0.345639241278311,2.80815780739021,4.31917358449233,48.441538989841
84.595549699571,0.88626734948121,0.390662836681679,0.0258720567342336,0.490085936914152,2.83380842698249,3.32649333884878,37.6777637367471
61.1281293513253,0.486920676393434,0.311164823516272,0.0685250700736185,0.834568051329814,0.434232563818572,1.32071030008288,27.8814621951594
6.67883577207103,0.26479261145629,0.100834341687709,0.0225065339557733,0.330160588410497,4.2677022039427,4.80428831017286,76.016874864629
89.5644991087727,0.689569844188541,0.352035689998232,0.0713626799577591,0.440805188207654,1.34348466179892,3.58361027537133,37.5137002274441
8.7539969414007,0.2570068604175,0.366980138574913,0.0412891787657351,0.76101117998911,3.86539636152447,3.09324357985049,53.2353160861104
96.3344785338733,0.37863222313188,0.24722367177587,0.0772308986890875,0.340060139012663,3.53282737913693,4.00191835643014,38.2869553141694
48.8373453127686,0.275767353244498,0.433308284473419,0.0401162919811578,0.260281951289298,2.91158381388069,4.52590251107726,56.5212675078357
98.7051040740218,0.83123579476215,0.211892170477286,0.0414710964733711,0.798808138045575,0.33072297734837,1.51393611280686,27.4174011277134
13.9959591146093,0.582653415821865,0.21543864941597,0.0459199208374904,0.924233916376438,0.310973753205617,2.69447130074291,36.6112634222382
19.6438094323501,0.891343037375063,0.167991219405085,0.0382624603710603,0.814693106871936,0.818075542217935,1.54843382826793,27.7360034075621
71.1825472181197,0.493625772940367,0.104273740678094,0.0596320896441513,0.527144376729848,2.51542809979443,3.12061667272006,38.6624134284413
34.2050580588169,0.881465627539158,0.45806715042796,0.0377606377658271,0.365395415212633,0.410830926545314,4.16617528155097,40.9498167030777
22.2457450131886,0.833699164200202,0.135226253477484,0.0741266579912859,0.162188238024712,1.75545393633272,5.0916276446422,39.7426866489406
10.4036826834548,0.786920698442683,0.312769365604408,0.0418219517888012,0.120505270227836,4.17110890612984,5.19912080140587,45.2451086994122
6.03142188200727,0.500701901443303,0.421938596198522,0.0497488154365867,0.322800006113714,1.86406248333084,4.73805326005313,48.3084556054365
2.24843209409155,0.535950784934312,0.418841299715266,0.0351453458492109,0.397491908191098,4.78228527141851,4.89456302579208,54.2222633452122
93.0192822489887,0.898521216785535,0.326515575587749,0.0499524378697411,0.152505318019725,0.277140576374717,5.05458638725475,42.2799568933552
62.0131591174286,0.695128300540149,0.319046308524162,0.026860155214793,0.425575736247934,2.50230891658983,3.78230327124165,49.8613015675761
15.4276999065652,0.154397994282842,0.339768203557469,0.0477774465509946,0.200884852930252,4.54459721818555,4.86564452746732,59.1418468483645
59.4353744017426,0.820049334672093,0.33693130790107,0.0604509547646949,0.844236197519256,1.04943523963715,1.15809479122085,25.1398227246151
5.23733508503064,0.612557499435917,0.130685817554034,0.074453694995048,0.431082268971158,4.13845912256918,4.49021840990667,38.0430981264997
99.759202475706,0.188683631227165,0.466874325655214,0.0703978161610616,0.786160998810548,3.36388317051309,1.40932553802878,25.9257238058214
14.0206976436544,0.597753771634027,0.282984184582159,0.0664807463363186,0.510738179105148,4.85588714873348,3.59962402945234,39.5909488599622
86.1989844019525,0.471067229800299,0.371714795489609,0.0760873133440525,0.864271113795182,1.30391830860218,0.967008657124662,23.1820752945842
60.90864088214,0.360584591761231,0.267306809767336,0.0554287106137699,0.361073332171142,0.79971281493362,4.00131269497885,45.7301713018754
3.00503062047064,0.645594909172133,0.32051633435376,0.0446932863601157,0.807614114068635,0.958352547111223,3.04200366635748,39.1726693263843
68.410341240745,0.41218617805019,0.424713975968212,0.075683133378902,0.856152675267402,4.56526481045038,1.02473244764724,24.9087401069097
66.6803726184182,0.231158308197558,0.100303481457196,0.0618436847108649,0.351926250681235,1.98441726084752,4.01098356374873,45.4134882588164
33.145435555093,0.478283793301508,0.173673830250464,0.034489651339273,0.238922271060944,2.92945542481274,4.66182825501393,55.1505830685348
60.0362109916285,0.490489183644578,0.168644538392499,0.0177699262696202,0.214654800943844,3.93475941231952,4.76811988556773,74.5381544698685
46.8102911038324,0.667495347344503,0.227852860834822,0.0374584251777269,0.448514469675487,1.33283284675144,3.69763665591735,45.9591991676342
92.5562595728319,0.533656539158151,0.429328586327843,0.0153473148237658,0.48750262361276,4.02561096903658,3.70902805249592,58.4007036348167
3.58773210230283,0.460829766493663,0.105305384398997,0.0339407627154677,0.842498604416475,2.73441877459572,3.24162393950086,53.4330377050855
43.8243334108032,0.394002071313188,0.149464352151379,0.0781401709532924,0.797348558187066,3.8068393849876,1.4907873748205,29.7941306112043
67.5569788475055,0.284217592068762,0.44917326870393,0.0696063276065257,0.412316195718246,4.47207607341069,3.74853586998728,41.7473044855299
69.2216711177956,0.362079569435865,0.238916621435061,0.0363483754896489,0.539679241862614,1.69890341359144,3.30621956086412,48.8519161771812
59.6334829697385,0.613694696245715,0.462060853186809,0.0659691771823377,0.499499132044381,0.469424417431932,3.3305608953788,39.3780521322675
32.7549140011426,0.86612949801907,0.434561392494477,0.0347999209656403,0.411289012788096,0.373815908482298,3.94176706216097,39.7852144156576
62.3445162339136,0.291873523622379,0.223031854298897,0.0163800765645434,0.314474764870806,4.59224288966705,4.65333333333334,82.4156267648584
62.4969083325472,0.283740720771626,0.400890868851356,0.0695154386594915,0.238306778746285,3.7506131974255,4.53871746969685,46.0850427015876
29.6300644270144,0.575465569695458,0.415073959513754,0.0724729643120314,0.675637959339842,3.97996525622753,2.37137307248562,34.4745748074362
72.5916678783484,0.625407127229497,0.297823616866767,0.0475225259967986,0.251641337370547,0.736370921198279,4.49163422900125,43.7841598035853
67.9181436641608,0.584894516700506,0.341708836584725,0.0301985107635264,0.184674069680553,1.5270176606864,4.75725781495764,54.1516930133084
16.1817762272432,0.290215486506,0.138965082944185,0.0333869170557288,0.718751285723597,1.89501868827478,3.36293212122926,59.9126665739317
30.4473871374503,0.522587992573157,0.315505070047081,0.020776035054978,0.27439349632645,1.81944836145046,4.64429461254044,65.1755423115849
75.195824736217,0.406139481226727,0.474894653839245,0.03576726023925,0.24874507769444,2.6604209718192,4.47568667575967,51.3290903791927
44.9585284291301,0.763974457409605,0.490071560343727,0.0328804676316958,0.389036554996343,1.7644687888748,3.96230776284278,45.0685863839256
33.9917100779247,0.475082389497012,0.16942596297469,0.0254842773690703,0.457521248530876,2.55203110853897,4.06221166932192,61.3465100833173
58.506724793464,0.227705814867094,0.191248183255456,0.0788985485480027,0.623316800671257,4.73595610459335,2.58458660109277,37.5518747938649
57.0475888252258,0.620299541870132,0.343323794036917,0.0274373085330497,0.301916742604878,1.70693978067115,4.36429019578528,55.5947578068942
53.9291505322326,0.235350344175473,0.271039536827244,0.0284535850378685,0.541221214305051,2.85144484807202,3.79263582000165,62.6129997436243
47.6697451172862,0.172685432602465,0.224860897938162,0.0361924440613482,0.104799316971004,1.4487827592286,5.03506920307322,63.0038141875708
25.3680604093242,0.128410285573453,0.162276093923673,0.0393815461272327,0.288672786379699,3.7651387731306,4.56806567336457,62.915389138259
48.6277140436694,0.87294772602059,0.474039446857385,0.060556388533148,0.945841985295154,0.423314845165936,0.489965774710745,18.106919000594
80.197907830961,0.321325121144578,0.19865806242004,0.0253505683054402,0.403628660902567,2.74413467953471,3.99536346617274,58.0275228648311
63.0415322135668,0.629733063792065,0.186959877073951,0.0230543955285661,0.651476337540522,2.42720962089894,2.85658274712101,48.7450100431749
27.1860439121258,0.336908774778247,0.319999206838012,0.0171656558754435,0.981759248541063,1.23039031641767,3.24329987312945,61.8532349673054
7.56957737361081,0.293872470244393,0.29154031156078,0.0745868736324529,0.904774879172398,3.8989856033324,1.12679986860984,26.871200717422
41.3729656686541,0.105752194830775,0.129135709287226,0.0590921191404946,0.975684257512633,1.67802454104053,0.191344334649965,15.1287442208154
47.21944687129,0.436327579166368,0.199210204106569,0.034589192307021,0.97130184026393,1.03815167625342,0.279818720617659,21.090982646004
1.21941066537984,0.798860509115458,0.322746071520075,0.0290676263410714,0.212443825096823,3.23725014032528,5.21615451894407,44.3299654110184
10.1795105525758,0.338485697971284,0.230975874594413,0.0525158857931872,0.565529552628193,2.9217633390628,3.57624634504444,46.9207924849227
94.047890013177,0.296330264651403,0.256483446500264,0.0342296591755026,0.895537356531946,2.98426154195331,0.748059175135602,24.653872398033
35.4457616957836,0.441706870386377,0.324817994819395,0.0157667857096251,0.597750887979195,1.91463905068696,4,73.4023490758593
50.2616124605294,0.44776170893088,0.24525498395171,0.0222689275129512,0.897809964642488,3.73657765814336,2.13723972063694,52.6427524863244
53.631350791594,0.583490478114411,0.431133692837134,0.0229291193623375,0.925179681463819,3.30475893286534,1.07249666443573,38.0429158615066
68.1468947230372,0.398711373053864,0.205077024522796,0.0182578930797474,0.240857178919436,4.83775092433044,4.73748014990408,74.1983476748949
75.9978179566562,0.785124203453213,0.384014786707051,0.0406997966457252,0.836305031702062,2.66377220832801,1.16939184026932,25.834531888215
4.18376929522492,0.710030663697049,0.133158495425805,0.0444101138035907,0.523231705601746,3.99458857983805,4.21113056176954,41.3762566111639
86.3779264933895,0.769304525686055,0.465177079850622,0.0366718608831661,0.778174698616285,1.16743024513498,1.51989315845289,27.8302640036752
71.5483392329887,0.895406738037989,0.164650261932798,0.0187393783049402,0.95095195440962,2.90860778940434,0.34384153029795,15.9056573009039
23.9391953440849,0.505333946241811,0.132008705992624,0.0485638062209706,0.38789905469534,4.72769127813284,4.07045716248019,46.3909444965287
86.6480763913132,0.542955854215473,0.288931086297147,0.0582180847628182,0.492573438122077,1.48879327876982,3.25359541701464,37.9942500668961
10.7682280630805,0.182105845645443,0.225976795380376,0.0685722963762074,0.476609022677923,3.44592329741234,3.94132490576707,46.8136366930257
82.7539427397307,0.458144354879484,0.317155822570436,0.032636456494031,0.774412995282281,1.93643234823272,1.72195946273561,35.3076817301657
70.367293815175,0.102923258430138,0.192797701043636,0.0436297257551155,0.107286059670337,0.573230195197742,4.99985057520892,57.0193190234068
25.8749122675043,0.742868209664524,0.143882607174106,0.0332238351985998,0.822118135766452,0.604316946977167,1.77040506018235,36.4630126536342
23.0214667912107,0.269669823941961,0.158736384899914,0.0693973412906378,0.289131032376178,2.2081598180522,4.47920780939937,46.5072229076948
18.2315698460676,0.569562350067869,0.169674399966374,0.0487158003306901,0.544948964513186,2.35577767870086,3.36966909612122,43.9085546717063
58.809764428623,0.310020496067777,0.34894917561207,0.0540780858143466,0.916098392291646,2.95788244549814,0.642209456081261,22.9500800804861
53.5813287001103,0.308235277988017,0.202831311896443,0.0226595185635262,0.605606150485668,2.58609097266314,3.63212709376866,63.0787612515778
3.71631836518645,0.468398232186586,0.476719040603377,0.0691473390391935,0.485166674661078,4.24924375836877,4.52535593708165,40.611141222685
70.0425273050088,0.871433153396472,0.439461330848001,0.0462884355572751,0.171199518873636,4.41278441578464,4.91824176986585,43.1551611145722
83.1172774914186,0.430349193649739,0.481988225483708,0.0757194926096266,0.25646910576974,1.09268013779458,4.43530709260711,41.5953755927001
19.2214938115794,0.326530731510744,0.270206332428567,0.0392592080680956,0.472929156646458,4.87946642160858,3.95052820851739,56.3966825743517
79.373434956232,0.204924677779526,0.405811032333784,0.0188116061614198,0.476128666538093,3.434957108267,4.16404538964635,75.0484311800531
3.97652036440559,0.605415750791505,0.1762853889836,0.0175141656552022,0.968119645543583,1.47831458747329,3.65767669577797,60.401066747944
98.2638105463702,0.381088580306619,0.117057844923809,0.0723238920113351,0.574802920354344,1.57251549979544,2.75402060204667,33.3002842981497
42.4958366902079,0.312098201745376,0.378752697030455,0.0314797931687301,0.938517123986222,3.21417850079411,1.07874090729753,39.8271528880175
98.0880856973585,0.252505380013213,0.259741442963853,0.0526357207609317,0.4369182170399,3.67309320000757,3.47298470635569,37.8130671607463
83.2883972405456,0.453587483328208,0.223571662777662,0.0650776028962783,0.954004268108355,1.80859784656833,0.311468476355459,14.5068772970085
25.7210229459219,0.120759204393998,0.129924886553362,0.0343649637971865,0.472328557519056,0.976022159361048,4.18974165388599,66.5913681943527
81.6890172365122,0.440107692088932,0.102608419638686,0.0295236475733365,0.98332016455154,1.29279442430113,0.142973595078382,12.2812237965597
52.188068498252,0.656672813457996,0.188504769790918,0.0547166552098026,0.218392223729519,3.08240451385954,4.70230825710168,44.5464445020286
11.0610172034707,0.624353529288247,0.300307770811208,0.0208573570451373,0.633263300928241,4.99326882319397,3.72231287359229,60.2533590499374
30.8059274729341,0.239916383115575,0.255483606907353,0.0556811871212372,0.895666060988326,2.69574698956381,0.953333260318405,29.2922658065987
35.1376510662492,0.67254412541613,0.400016785207763,0.0539252971983561,0.244743538367515,2.31887670858379,4.61047388890107,44.5899957632074
27.5015578047372,0.527287141119689,0.430036900116317,0.047225804994537,0.132550426684832,2.39771900060819,5.05151307980335,50.4751149222567
92.8667795152403,0.87618817704171,0.212598714906164,0.0477130390921468,0.88053741740482,0.497230410313001,0.890370915651726,22.1584001841014
12.0667939918581,0.636639631437138,0.407438985297456,0.0795151037318935,0.63668099732711,0.586599598642206,3.01997339227096,35.2529160586353
74.9491097023711,0.543819365321472,0.41523964310009,0.0176400503971684,0.9523032226427,3.83961008947471,0.936612107693638,42.6857858229632
15.9639137588441,0.219719603220001,0.286659425088577,0.0337390395760117,0.887968478898378,2.68382212825166,2.34253788547015,50.8155273778747
44.111986020254,0.857126935937256,0.360736245372519,0.0683229381889245,0.74285656091352,4.03760025778448,1.89571217092566,30.4961680760109
81.8902661998756,0.723907298611477,0.17247257209979,0.0202815415274771,0.485867248283513,4.5793768497894,3.49006686513314,49.3066277374991
36.4395621789154,0.659532768094912,0.147861128961854,0.0670397689636401,0.470531914661545,1.77711846239748,3.57170241525549,40.0661693012235
56.0159415824339,0.280587856462225,0.404816186864302,0.0155478943164856,0.594591422909079,0.452229159431998,4.17164121971072,77.8509564125582
20.2453845272306,0.85191967105195,0.422654119547643,0.073974698947873,0.11809336735215,2.89686443981202,5.24992912450536,40.1348308574363
52.8240182453301,0.724006700898707,0.166813570060953,0.0232440200728388,0.368862538990844,2.88285019312275,4.10385181922129,52.3230919150987
37.7847295206971,0.415852470459417,0.25307582948003,0.0243227741409978,0.110559974472132,1.66294882669265,5.05289088460223,67.6089662046228
82.1561037644744,0.429568478274345,0.171574166776426,0.0410159237860492,0.271136985723488,2.81545426834759,4.35271856135805,48.1324341405733
24.6176591206342,0.277308463231474,0.139824530762061,0.0767477579136379,0.628365838188957,4.42336723034689,2.77961761553894,38.4432268822972
63.3208219283726,0.879197328942269,0.3806414976459,0.0159765214822185,0.736499097392056,3.68609684622334,1.89009273355287,34.5619039122838
73.6997373996303,0.71667392869182,0.341139834381826,0.0200446757357684,0.976696682301397,1.00145068311028,0.207174922459476,19.1188569250312
88.1465099249966,0.601429378486425,0.215168579470366,0.0210181084333314,0.328197491440084,3.49891194944107,4.12199400933273,51.0860272085336
60.313186663622,0.352477699097991,0.267079653399624,0.0620191016893694,0.86796627763561,1.32293824198132,0.985713036127815,26.1229288167778
69.5949987782631,0.707776946855336,0.290960518801585,0.0640896044837008,0.215537957990961,2.087747412108,4.72155988882542,42.7195622311973
83.877483273577,0.155030269437283,0.160824101028964,0.0533154311824683,0.70439800986792,3.62192549327132,2.08190473494007,36.250975698288
98.4210527536925,0.497113285225257,0.335990822420456,0.0272297733350657,0.332100548198354,3.91881271281955,3.96930294912475,42.7308920779636
59.0615496837534,0.733306217133254,0.368888633989915,0.0623025991096511,0.931195281356433,3.27866089217283,0.502122304252979,17.8131449135841
17.1667376130354,0.208399167524278,0.499480097814463,0.0736426029841625,0.342990006844001,0.875778286463814,4.33880845429649,45.5547523174078
1.92228226852603,0.77839043019265,0.242622428294271,0.0417206251297868,0.445438736340404,3.18336053653655,5.03183721971793,39.3443204752389
66.3686529069673,0.590795015598088,0.412633126283251,0.0304292045525997,0.607862717118813,4.07048817625653,2.87935850503365,44.7729251592
46.3008374295663,0.299214322661608,0.493673630947061,0.0726240586531488,0.638714993673656,2.76179387204989,2.52661728571318,37.8901823434384
56.7478735997807,0.244828052473441,0.481502052835375,0.016536706979291,0.64271468221643,1.17343009979429,3.91510349080975,73.9249051573437
86.983158911718,0.568123183353245,0.196777393274754,0.030721873115031,0.607422960871085,2.87228530477674,2.76461792240382,41.7161143346283
69.9489426332992,0.260441293080896,0.381110936883651,0.0263893173044012,0.933788763964968,0.87782556891162,1.34540584404903,42.4651575873073
30.2191976140719,0.817395983391255,0.150231809893064,0.0646332362385606,0.833674504044093,4.5901829231783,1.28798818205737,25.920995398501
15.2633845871314,0.267526392002776,0.483567779437266,0.0519148692742689,0.789716843063664,1.83235683125677,2.16897504611596,41.6494506577125
81.2050310620107,0.554424429326504,0.248302591788582,0.0367777873549168,0.172344388647005,1.86534063205228,4.79136921907882,49.041866094682
84.819211588474,0.512657616997883,0.264348823103867,0.0687002002502047,0.16609359504208,2.99326457892917,4.84990769886177,43.4795315635706
30.1193371149711,0.702271023329347,0.155083420092054,0.0789898106919206,0.142556068418873,1.74243913333816,5.04949831098975,43.3235503033558
75.5506558251567,0.565634929404035,0.333773723155074,0.028620280508874,0.699205739098089,4.18061822454177,2.21671152107982,39.1513187795737
95.9365017774515,0.731134594779462,0.200579207313061,0.0361780362656037,0.547809426012915,2.24186618298723,2.89523181236224,35.2072011176742
21.5133982566185,0.867252129689604,0.33208644493334,0.0451850012646499,0.452786888110079,4.19948134572338,3.80181277938247,38.7020690912708
97.1915817444213,0.553678110986203,0.374669624692388,0.0561668367177481,0.381539356817491,2.09784028693347,3.81920669280224,37.6938771510799
23.6396180264186,0.212183399628848,0.497775313815102,0.0610195625537517,0.652843531585345,2.60195653509104,2.74940412692251,42.4590753196425
16.5219433301128,0.169219185940176,0.37051961804647,0.0249241493505659,0.264864104319271,0.717688875830267,4.80529978121782,78.458645197329
41.9389457887504,0.331150060079992,0.392154260600172,0.0669580989716062,0.95906900654924,2.45260087021301,0.306825357168635,15.6735359979463
39.0014742771164,0.883227004951611,0.303802677222155,0.0559244398144213,0.519519482787931,2.32538845306844,3.36650625469107,37.4099869580975
32.3316532009281,0.506551081970707,0.35912624332495,0.0780142991136597,0.40777744077188,4.36295920477458,3.86390677327262,41.5335713473871
13.6008246697951,0.414146025599167,0.297006144555844,0.0716586919552344,0.459771573347645,0.662027999426704,3.95737019951986,42.0876200441289
61.3812623792328,0.524492056544125,0.294498614293709,0.0799822283723136,0.661106893435214,2.18625120023428,2.34988162033811,34.0330346055474
55.6780032783747,0.672850857579708,0.491221065664478,0.0681606956660701,0.672507116292277,2.56663166656985,2.26015393038251,34.0422343603732
50.964416948054,0.514627978938073,0.246432620049641,0.0512606990914675,0.268622512838198,4.51314692198869,4.4245599755884,45.7748972745349
22.0172951881774,0.788812128287926,0.224635937627219,0.0648999833876104,0.849945503364364,2.67517960418144,1.2067647271004,25.499880182142
92.096926139621,0.633830481614545,0.269520718344487,0.0397400872943853,0.220942368936073,4.70911562384712,4.55338344810618,42.7185730041718
18.6982205765322,0.646350969542935,0.486011489288695,0.0239472249757266,0.29443364122184,3.54622080116416,4.60014659789588,61.7517948922908
21.141331071686,0.374799155483395,0.233011266184971,0.065667371585113,0.72404746226701,1.74137502305582,2.18074611013089,36.226853148494
5.1337000366766,0.36628321715109,0.396814604399912,0.02880558533567,0.438580100946361,0.548664165418246,4.71104145050292,65.1880539818609
55.2213590359315,0.627089248017594,0.305569959155284,0.0733566874990985,0.415604181423737,1.40764935720421,3.78180742558755,40.2619604501111
43.2939527872484,0.297559609300271,0.443008531062491,0.0375918079168373,0.795383455884457,3.45462949875987,2.0664318462434,43.843207121081
12.345557013154,0.652750309209898,0.20585844691582,0.0638525797652523,0.826570791223831,1.77951138559892,1.58359107327229,29.3344018542467
47.9319035123568,0.696645782073215,0.108699602483027,0.0160787819341966,0.536794966500485,4.22676656936342,3.80982682554862,62.3829324621863
76.937990384316,0.253814540634677,0.47182271615658,0.0584033263158472,0.453836055416474,0.77286383650871,3.52425424053761,42.5790053341945
78.634625423979,0.124431143718213,0.38681639288161,0.0572310917817708,0.226564868072048,2.96725812484859,4.54242269268844,48.3455516295157
76.0864529473707,0.720082564011216,0.37205764004644,0.0750780193623551,0.874122198031703,2.20249594896531,0.910295455980695,22.2791875634214
28.6589706635103,0.588694105257839,0.277953284779377,0.0437808577245125,0.205090538510401,4.79746969750512,4.77230687339338,48.6103737415174
4.21929460791871,0.764405791387707,0.452303691983782,0.0221479391067475,0.509379541015392,3.3105676664341,4.33432342173476,53.050895340708
26.7507626271807,0.573792307515442,0.417742278557457,0.038639835062807,0.533203456484945,1.88688769791322,3.40971996135709,46.1638334175913
76.487649660511,0.516722275578231,0.175039167280123,0.0403540786983957,0.360244415346067,0.691095397340832,4.0129894311015,45.0236066352298
69.6507628927007,0.409893574402109,0.157597645288147,0.0770994174477598,0.716272339470359,4.75325846724049,1.97663227289244,31.833525284461
2.90343382884748,0.117191660981998,0.346561047089845,0.0508968876096048,0.775688311768137,2.34201141059049,3.82279152907451,54.011133036271
38.5857097283471,0.72972972102873,0.472053950132243,0.0490457843513181,0.420850026538363,1.61503608900285,3.80558585821064,41.314709623055
94.8856221795548,0.133741857863218,0.468006214020215,0.0219154270991008,0.588942983922269,2.94233274802472,3.47764176181022,61.3768109990829
64.72343256413,0.860059159572423,0.435235758268274,0.0150925535684242,0.661939370843302,2.19461277062504,2.46619969244782,40.1535583308046
95.2147992269136,0.354996981830522,0.189425858314522,0.0473757455477514,0.308919741138723,2.52775906108366,4.12330409391084,41.6272824346197
55.837044133665,0.424391680289432,0.257790482821502,0.0765927704513399,0.813252047398454,1.94108572991577,1.35998019379299,28.7691470666662
9.91893293526955,0.118987925291806,0.416766427174024,0.0439828464087122,0.559982015654771,1.84452379696444,4.00386836433004,58.5531302530456
40.8602389031555,0.607175850496814,0.456871827181987,0.0307962870708504,0.193097238306282,3.59711334957031,4.76366584534336,56.5521238909694
49.6244665596168,0.759346292877197,0.385682472634874,0.067514889576307,0.907463415914401,1.72764113058371,0.703692180301457,20.6244792735083
63.5724011930637,0.522004548543692,0.155665141161531,0.0718129500644887,0.793903819610644,1.12300150433066,1.47853382440767,28.7215560839147
91.8571610242128,0.893650781367719,0.437809259992279,0.0707663411511364,0.846726343040355,4.43761910204252,1.15663998506697,25.8797038394563
34.6372245158534,0.215112100189924,0.141892225130834,0.0603250083626993,0.912639345194213,4.60719652552844,0.768350211005485,26.673903509453
43.7726359187625,0.819140240741149,0.461472395583615,0.0750143790442823,0.130472791326093,1.72021937441092,5.16970546692949,43.1965547335248
17.3290715381969,0.47927138745524,0.177898665724322,0.0616044510880881,0.323749527757196,1.18355861289473,4.40101860694511,45.482730544706
12.7800228042062,0.682847625909373,0.455557606180571,0.0372407986678253,0.94411746788337,4.86124805209727,0.564676219326871,21.5238227298553
75.6711939616129,0.363333426141366,0.183494764347374,0.0268259606440202,0.918585064735962,4.98721830992866,1.02992920565456,39.7517593495472
41.4171421443112,0.84811018268913,0.245820531730354,0.0381327102241246,0.38604321770356,3.13806448161823,3.96984585253264,41.3854429317574
34.414400619315,0.780277687952667,0.479880410507694,0.030876307120407,0.100571739844186,2.77584619594924,5.16416079069941,49.9009211465631
44.3453657473437,0.243973551067337,0.182040502336808,0.0234341054275492,0.257331954273907,3.11360373172886,4.71907211432439,71.6869514307956
66.0577158626635,0.262792946976796,0.364553143423051,0.0642581589664705,0.940498913759086,2.63549062269507,0.442473414025217,18.6272299532651
71.3613985344768,0.670440763210505,0.107446997296624,0.0797877486189618,0.681687401172379,0.938601134337601,2.22521004031454,32.4091460896617
2.14315157332458,0.424948014226556,0.189973402192816,0.0353863858728204,0.719341152039822,2.62699716161669,4.06856502185109,54.2254058020984
99.3237777788192,0.530091928440705,0.355660246928968,0.0394966240132786,0.582665158115094,2.78137148295098,2.62862647620044,33.9238396151548
38.780547500262,0.679834682190791,0.151652960896492,0.0523672373259556,0.111541468645958,3.56771785713139,5.1483569139427,45.9752578973192
56.4332956681959,0.647947581645101,0.228645992137678,0.0507872519418015,0.399418190346193,4.95442632881855,3.82548551153747,42.3802280517281
72.1324369477108,0.10117730062902,0.436672901020572,0.054529661995105,0.789173538493225,1.51015274599451,1.67948469896671,36.2565342013882
89.7265118564013,0.771645944408327,0.39534458528813,0.050497149101668,0.99206278379988,4.10246279509529,0,5.36054070339448
41.1476327821147,0.48918611500822,0.116401930966415,0.0241548827897967,0.169598115645209,2.86188614704402,4.85930597204785,66.4044880564479
77.0215586728882,0.538963256041706,0.207250554067642,0.0548819856491662,0.727165529370075,0.336745215414558,2.15373009622827,34.0741830657303
94.2463385382667,0.367549297693744,0.153422845871374,0.0403459579481115,0.186811609544465,1.95851301237394,4.65421356398898,46.2564706259969
85.1519903211389,0.619828137992322,0.410914137452841,0.031233977366616,0.904345718741603,3.39556480479846,0.678114660328797,22.3198874611969
86.4957825808786,0.410450641348958,0.292974982602149,0.059418830061215,0.413282933798386,3.57893063969421,3.66052835494494,40.0226018612898
88.8963312845677,0.320637061368674,0.204279857451841,0.0423007086663297,0.748459381719632,2.00268746793154,1.79186779853299,34.1907113224159
45.8594340259675,0.517757127953693,0.420117661171779,0.0611677812668891,0.222694483217131,1.92823391818255,4.69441840324774,45.6011007133403
14.7065428012051,0.749227645135298,0.48532282118015,0.0565573442830192,0.167163240463194,1.2205864696895,5.09888203612076,42.3619371402634
9.17356920195743,0.391055329499021,0.484426258222386,0.061338777152237,0.158979862222355,3.09596658377652,5.11007636618477,48.450210722074
61.4101359745022,0.643401234071702,0.238087407667376,0.0320815049349098,0.870049364800844,0.802172139008995,1.3232020427337,33.0356401614886
26.251885929238,0.70490987098068,0.359956486308947,0.0629409988629259,0.654786063386593,4.53739904223604,2.51690625639843,35.2177658867691
59.3887921193615,0.50294279505387,0.308463159296475,0.0364866350102541,0.876476192913717,4.25362618953048,1.07458850982029,31.9822363770922
67.2586624921765,0.72080707459338,0.353595597848669,0.0655588857213408,0.670877646823507,1.14043500124733,2.27173255884508,33.4405154104461
93.4247010538354,0.837170442236215,0.404581492446736,0.0514223895571427,0.117169332983252,3.72194938911591,5.14481123999419,42.2485395462131
95.7171947142575,0.783086204295605,0.284326624274626,0.0297077441707207,0.792530069194222,4.81792185845878,1.39935739177937,26.4159508467029
8.2641935036052,0.278317170739174,0.389573182125203,0.0279687409035186,0.525353922687005,1.64260164257127,4.39872571285384,68.4068724475968
49.2081692104694,0.481730856769159,0.179311078873649,0.0276055923022726,0.491174056417402,3.32763083883678,3.81695104423363,57.6136171195571
52.7774048760533,0.560884694078565,0.262629573613592,0.0248415457129432,0.831749239827134,4.39204847885366,1.98872681036559,44.9900931683254
7.6932403399609,0.559277116488293,0.152689468352683,0.0292985410693241,0.614280124429334,3.41456760558125,3.77502153742129,54.8660571911674
43.4353467763402,0.11047648219876,0.318267220799811,0.0300223259432102,0.581712693236303,2.4700354508413,3.76239311714018,64.2657994624516
78.468389801262,0.752626798840985,0.453660315011628,0.0701769903066405,0.990023895592755,2.29484406990779,0.0690629004005482,6.25964197143378
10.2315077689942,0.388704871286452,0.330385305071436,0.0400715230367635,0.427370383944688,3.25724485370505,4.26729033593853,53.4521889998744
49.9690534201451,0.649902508399263,0.354412185715698,0.0778383890916454,0.922012831986882,4.3487145622602,0.57463360344377,19.2492963466174
36.6920965098776,0.727785206245631,0.358201567088813,0.0647656569730095,0.81174789591697,2.10985877472768,1.43374101962281,27.7645059685115
60.6923441596329,0.572928467632085,0.451855492240377,0.0211764907288575,0.6837503283442,3.52363887947064,3.17447640284274,57.3323745970604
42.1781287302729,0.897831397907436,0.235622240416519,0.03298183965137,0.782127189404098,3.96283269655285,1.58399582329361,28.9341630715407
23.2225998147391,0.307612786989287,0.285581722024828,0.0513561686839163,0.592966748981504,0.294064318951801,3.60730764337659,47.0355989780868
57.4061309316661,0.811322672682256,0.444757835440151,0.0715367156198411,0.43643558080364,4.00599137804354,3.74283729386955,39.2653488146865
32.1631491766777,0.484990230112523,0.208467723675445,0.0592552570353751,0.829284309179243,0.830903687231592,1.37916297310533,30.4099253767189
27.2746777152177,0.160620197452232,0.465675890224054,0.0679149830609513,0.616461109716166,3.05114471712778,2.90191522887124,42.5135514856941
17.7678509243298,0.733666605208814,0.119715658514947,0.072783268137346,0.391679960930953,1.53884639969817,4.13358035547742,39.4588981459116
88.6872064283118,0.52077306570597,0.258767587556876,0.0356641134171863,0.276588862304576,1.67161312986561,4.30187036295626,45.9743085300139
85.6237793656532,0.221359144662693,0.261573657744564,0.068234731477825,0.419979391643452,3.66443967788608,3.62984460773455,40.3550196879865
68.2199047991075,0.472557842096686,0.377099897838198,0.0405438538276427,0.282573776866077,4.94451087753428,4.33696926265653,49.4958502132582
96.4262447027024,0.863724796918407,0.251676537432149,0.0321887250025314,0.567511444869405,3.24557147377124,2.82119603671566,34.0153798263711
24.2884797648061,0.859451955808327,0.387448936124332,0.0785509422159195,0.151842840371421,1.99611205481587,5.11577184334647,40.1835638695019
87.5278421927709,0.342479446871951,0.254538350421749,0.03718377229776,0.881880368879717,4.76788136811438,0.877500530635685,26.8944343641123
23.4509828144219,0.170699562681094,0.195780917528085,0.0493578817212302,0.278248331717495,4.93619659505086,4.57782081550716,57.0892491314901
87.8933742649853,0.650509553439915,0.243532657855749,0.0768868128507934,0.176907994341617,4.75084460480022,4.84599124747195,42.5932141778541
31.5295175301377,0.654193400983512,0.176834308353253,0.0496505902698473,0.82453695326508,1.5025141826059,1.37625640906204,29.7214657378413
37.5711200063582,0.541599336923286,0.307354824131727,0.0534726337586623,0.644114142136835,0.752668041383964,2.60968425974528,38.4140563600174
71.631040316727,0.157257526722178,0.391751099210605,0.0652267362815188,0.554662675222801,3.9536283960389,2.965019083221,40.9552049599531
55.4439962539356,0.107202234203368,0.304152941936068,0.0630380141128134,0.753777247027168,2.42428189083992,1.95609356457425,37.7071400910139
38.1297346724197,0.123437945823744,0.273750624500215,0.0335930029417179,0.74504533941187,2.75274584559584,2.94457304575381,56.6511749102994
22.5884803740308,0.678801994514465,0.271226947806031,0.0167617644092161,0.139713875038642,1.88015380378347,5.00488146883174,68.0007364546128
28.5116049891338,0.473606553864479,0.160554918136448,0.0197932854521321,0.555535180463968,4.63722086301295,4.06413316786021,71.1510084930607
34.8755500657484,0.178980788755417,0.165266628709994,0.045141849832132,0.243042667359859,0.821027330297744,4.64959127158778,56.8141551597708
49.128727661306,0.60061897810176,0.399884969080985,0.0172637170578749,0.62972614209312,2.40663473634748,3.64647353481469,64.4618160826697
80.3164042212069,0.228143138918653,0.23759496869836,0.0212750148767768,0.957349959135195,4.04874415338959,1.30106082258059,47.7903037337611
29.2866900756955,0.43296343094334,0.273594986663945,0.0398994243388227,0.621421486680349,0.949272482880857,3.04130371618376,47.1375380558927
74.2996325045824,0.23351342809312,0.198082784250192,0.0216546896894462,0.973443682210893,1.55967798180692,1.20505688115663,46.6665676048454
90.5379114019219,0.420403225347027,0.47023625422474,0.0484534914760315,0.915209772933833,3.38710376268486,0.579134913619267,19.3278633462104
35.9417135638651,0.408425900661945,0.336202706103399,0.0639706307474221,0.136309545212984,1.38145758239238,5.03965004701189,47.7480058340425
46.6746663115919,0.638740912050381,0.373146947104484,0.0262543757036864,0.46876931947316,3.29769481197873,3.76723546377638,53.9464676093574
74.4762989385519,0.546542903660983,0.375822613943741,0.0154560312795709,0.9935220944501,3.48800790954998,0,4.90808921310933
55.0321247781627,0.451285860986263,0.216557660795748,0.0688225325911446,0.688035757325636,2.24732297766139,2.21053780325092,34.3028808085645
33.2616444161162,0.586449317160249,0.309300503436662,0.0626734340280504,0.828108361458033,1.44695117913268,1.34982153895243,28.7951110029253
92.659121861076,0.349937955392525,0.219169252146035,0.061121506064164,0.156809141986631,1.10174384246685,4.83553697091592,43.2468461509769
7.96092222793959,0.371403827193752,0.296385533135012,0.0690545853815996,0.732310592806106,0.515587942639249,2.86031240354701,38.6407602565391
84.159350856347,0.377010230952501,0.368103175947443,0.0664227500081947,0.305911058833869,2.49883726157236,4.19883239953668,43.0741389806634
85.3497799856123,0.593374454815686,0.275638217446581,0.0543045684086811,0.190029836902721,1.90746001886518,4.74012362249564,43.9070959728796
50.6358309097122,0.545449848544598,0.419435925441608,0.069256918840562,0.401440707232105,3.9891996258595,3.85109652332896,41.2220796795258
93.8637729878537,0.348708471833915,0.122356474435329,0.0645234875097591,0.663859443946043,1.21291818600032,2.23711554684378,32.791817119791
51.6647519336548,0.190033272667229,0.207180017942004,0.0470329092551512,0.209640062533505,0.679387157211197,4.69781673504042,54.4769881166568
56.9682110394351,0.557277484241873,0.432756831494346,0.0389861607196648,0.259273366345093,0.913636525163427,4.47689824941978,49.097462183321
31.3362040384673,0.318965045526624,0.28782447387483,0.0466401971283415,0.250507695682021,1.57041262045584,4.60226791158831,54.4681768577003
45.2882054264192,0.146685894404724,0.306539116114378,0.0663201711433544,0.587133265397232,4.20565571193164,2.93661043495126,42.913716680547
44.5713746561203,0.496540575801209,0.180528600660898,0.0786577515727002,0.999215806412278,1.58233320015948,0,0
82.8324754678644,0.387005098593608,0.323582077131048,0.0551419422952738,0.804964537684526,4.02122944758146,1.36710839050535,28.8392868321376
88.2304612178355,0.386166167310998,0.194457267518155,0.0195092072798056,0.695061778995348,3.42916232840228,2.77919070643188,53.0915236881598
31.9903302713763,0.176845964844152,0.480356367818825,0.0305395979030384,0.753056151937973,4.15812955225154,3.14339791871029,58.7172063842278
58.1190838161856,0.138678516902402,0.231412252039649,0.0597871423624666,0.962306961567793,3.82008216174669,0.283061472740968,17.2618063783947
65.2968321648426,0.691928254007176,0.361400567953289,0.0709633971743006,0.195691611891007,0.713152878365945,4.81745681846032,43.3967671066819
77.8915979463607,0.477553855919838,0.138333462213911,0.0507100290443632,0.997085334040876,4.82424477558176,0,0
5.4435765942093,0.152382252170891,0.31283116516117,0.0271171969916602,0.370209991958039,2.78930602077255,4.80000000000001,76.3745701956314
85.5779965279158,0.808584609290212,0.112368821696192,0.0324264430902945,0.529236724374676,0.531420416144887,3.10076567259111,37.5002633456471
9.38172113969922,0.401365806197003,0.257006812380068,0.0379260434822412,0.433952718299348,1.621763915975,4.31679483945481,55.0935937705042
20.7039723831695,0.665024219470099,0.479019251189008,0.0152001613749098,0.782288065616926,1.28289351947012,3.39357993903228,63.9280008560159
58.3820263797417,0.839714113527536,0.251067367772385,0.0162212345226808,0.55785342013482,2.282316058242,3.13071196423177,45.1677981850787
64.1751026270911,0.571222846164927,0.34425435178522,0.0601736854887102,0.180411692949524,0.600463041711832,4.80881034057268,44.5349805211442
97.6624191530049,0.761124368752167,0.302136324638128,0.0501256281396537,0.984965803920198,0.99988876521308,0.0982732825299275,7.61930318563988
65.4673214541283,0.766212984122708,0.280207150346599,0.0631818471809919,0.127360887909587,4.89374421978241,5.06163374960926,43.8285290601217
64.3796991054434,0.684446243331954,0.396679793480784,0.0334921170259826,0.855753228946542,0.92814050814195,1.14120582253711,29.2800752800502
37.3529299762566,0.809059112832695,0.314636504914425,0.0319425775618385,0.507000004149275,4.14953477481497,3.35566480052291,41.6083102217397
17.9227363074198,0.183381841186062,0.331687362962961,0.0598974275932158,0.179187745602662,4.32279938744486,4.92795240095093,53.4009600344776
4.83934579654597,0.11368312195316,0.340504578667879,0.0296509887841018,0.233883515101671,2.33308522008464,5.02689345809119,74.6564540842751
18.5877831827849,0.514364695402235,0.218367236476764,0.0434293563599768,0.767585503970971,1.05807690337463,2.13414387920788,39.1250020931655
57.9454689648468,0.674978272658959,0.29568855860699,0.04323368678272,0.696496887624357,0.613680004283786,2.21816298166592,35.3958929087045
73.0176217856351,0.305223315126076,0.203275759366341,0.0568130200977158,0.320235721137747,1.60161588857207,4.17637041932708,45.5881403743672
52.4352921602316,0.57765025241822,0.428253308156133,0.0445873264009878,0.936717128183879,2.06099298246403,0.490010537219261,19.870127064657
79.00492357919,0.889445882210135,0.302991653558984,0.0521195481441985,0.892778410533443,2.01223787975463,0.777701218060825,20.8468559872769
66.8515185498167,0.344734719883651,0.425812601328455,0.046491696737262,0.737736822581105,0.287578329103533,2.82498143524866,40.6879771915849
36.1823288115207,0.635163806934282,0.221918054297566,0.0572915987582342,0.625930666137952,0.349795918107498,2.79760386515477,37.9995282571982
2.67920277337544,0.874875154308602,0.190434092464484,0.0650236948871985,0.352226494661812,2.48154076281225,5.18505543020266,30.4279757671235
58.7048920490313,0.268539348907396,0.217402002674714,0.0606761518516415,0.899707309219008,2.84347743618244,0.763746206124154,24.8235821663975
46.4215695598163,0.103827020935714,0.398971346987411,0.0457428168726736,0.506465594635531,4.84121052236261,3.6378672436802,53.3912009207527
22.6192799068522,0.49332145867981,0.173546130532213,0.045980538717208,0.446965119706094,0.319805481630028,4,47.6013249709559
40.108768286556,0.74730965918526,0.376658533388562,0.0781940867449972,0.67923676588256,3.03357283160673,2.33485896294494,33.6198528796497
80.764663505461,0.552666221160442,0.488434811754525,0.0181423190922779,0.155604046808183,1.54768215611787,4.80443876073763,60.8311699705606
38.2146437130403,0.839095601241663,0.102264795179665,0.0699164555169828,0.466733163403114,4.12612837796123,3.6295030213894,38.5489750822253
21.240138470754,0.668477633694187,0.276202716862038,0.0318972582262452,0.366548714520177,0.483697366578621,4.28158941755892,50.3638022364787
4.43648225832731,0.122064550351724,0.423487990547158,0.07627573912689,0.646304893862177,3.06503108741762,3.61705042399141,43.8650554366095
99.5251589395106,0.482561904579774,0.454560000237264,0.0759540910387249,0.225037425404368,4.31347022994421,4.58580043421439,40.2043430968401
97.905303288158,0.462422532713786,0.299568959468976,0.0347057279393263,0.502953898109915,2.01857993526105,3.12099226454905,38.1880248971916
40.6426103867125,0.806797626767308,0.240932578356005,0.0464105807308108,0.494784545423742,0.986717644372024,3.39904661969537,39.0292151365143
8.84767165030353,0.737683032641187,0.298564921641536,0.0747413123756158,0.149059679609956,3.77708323158789,5.24843673727731,38.0752317454461
15.176334400475,0.740548553264141,0.486563457353599,0.0748031499940855,0.966389387555746,3.47915942830651,0.31234042984881,13.2295699994627
91.4515474065207,0.163013611466065,0.265097743226774,0.0453548825311055,0.286556479440583,3.85539637793077,4.24088365840444,46.5477752765425
68.941061289655,0.753813691087067,0.469357790500671,0.0527461785815097,0.301276697764639,2.14971213652752,4.29758988077536,42.0968057369557
72.7025930694304,0.286793905328214,0.447279017147608,0.0483189843086596,0.5778125313967,4.93097243886034,2.90125862718898,42.013014330106
28.3635844755918,0.333794746268541,0.467297982941568,0.0761166558893328,0.394201256653993,1.31103465884493,4,43.8972393585246
25.1468429650646,0.236385923500359,0.413809909247234,0.0165734066923242,0.290912490435829,1.41439471265033,4.80000000000001,85.583393205807
38.8532303658314,0.303135850448161,0.193453262499347,0.0500024079150776,0.735298311481206,2.12002398956486,2.18755982868667,39.8201625052665
37.9527123165782,0.828282233856246,0.156509683587775,0.047908160564315,0.760279987581167,3.49941546203184,1.73571837054867,30.5969288937176
77.7206829777919,0.167674974215031,0.477951323286258,0.0775970500162407,0.270312429846311,3.0074096357685,4.39716630460529,44.0096008973206
84.263399898773,0.498681041929871,0.30965671282839,0.0585810637828428,0.84053238221407,4.49422186302731,1.10494937010505,25.4588605533672
10.9471930448432,0.356704243718088,0.213932950728759,0.0587183081337693,0.503939238693845,1.45669263384712,3.81567374395373,44.6753844621374
40.5503765587229,0.199907797830179,0.482400270012952,0.0678352134398837,0.873175862472411,3.84540795911243,1.02104648299368,27.7429160726699
87.7691597970668,0.383467122337595,0.357433897224814,0.0468035742527386,0.871777285047388,0.648088968572556,0.948020680108156,24.9417597607209
73.5313737402204,0.464545782230422,0.106296170614101,0.0281705246938998,0.460512556396425,0.768657553078257,3.77273444342319,53.8100557761952
36.8944234236144,0.138346599052101,0.144644063071907,0.0425414021248859,0.375696081526624,3.01518091234087,4.22761584864949,58.6831526348685
62.8983271392062,0.226338223296404,0.128131958143227,0.0407772670814535,0.9102402270481,4.97859046808642,0.892029373678858,33.6677245815813
89.9497413434554,0.17675435548164,0.37029270364996,0.0390580502910796,0.297810912055429,3.33284083181736,4.23040969677293,50.9415020082978
40.2318852252327,0.779868949593231,0.459984973840602,0.0773185030750302,0.521776488122763,4.28312351916824,3.31146260120631,36.811941934543
76.795520956954,0.43855202505514,0.363580010606349,0.0620921491720947,0.384364095562883,2.17624592055264,3.84827279676894,41.8874286193267
65.9365640312433,0.503920926473662,0.159983171671815,0.0564618170244922,0.210190854898607,3.54968242720631,4.69545713120533,44.6836889821411
35.2474316527601,0.187415696569532,0.182994910769165,0.0538122186039807,0.206662997181481,4.33019582232612,4.75739744317355,53.5479216381779
64.4418089484796,0.533402197293565,0.30096285448093,0.0554955445520813,0.189019306256017,1.37401806887903,4.77376359577858,45.8532366926837
16.3774595169816,0.13645416633077,0.107106174503639,0.0733715220886073,0.667633564259484,0.490194091796177,2.97150815238252,42.5866319268168
90.8731821149588,0.697222084013745,0.219728826291114,0.0668150350911659,0.702458868116094,1.42876098752604,2.03717873903711,30.5728733746257
96.1991241470445,0.580677174374834,0.114054232212342,0.0265007363888621,0.901221788345557,3.37146342605422,0.669507925503815,21.5420197211781
99.0144688662142,0.161465056299791,0.135184769458883,0.0643236204523081,0.464413893997017,1.14414597298962,3.32857082880909,36.888048407069
88.5909871324431,0.709245812901482,0.18734424449876,0.0616896350822458,0.657631827278202,3.35458910954662,2.29538028907579,32.3439546770523
6.46941486080177,0.112554943932965,0.119161093908921,0.0260275499424245,0.728341079141153,3.70559481151949,4.06267353416861,72.8142331151113
14.388135063462,0.144720336868614,0.453382175076939,0.0729319473445299,0.561325822610594,3.4086072019774,3.3759502767788,44.0826816705691
48.5990793819074,0.699749407880381,0.136379162582941,0.0252541842896002,0.681045637236908,1.35448183362198,2.8047165283553,48.3463102221734
96.9044528428465,0.256611755304411,0.114409837164916,0.0450060230313405,0.442991009395802,4.6690450019401,3.46149568981819,40.1055115501518
42.2347555896733,0.829720243024081,0.451039626974613,0.0213964976051007,0.390281662595226,3.10814059272502,3.9665042026415,47.10678443922
34.1431369619444,0.657248567017168,0.44080557678286,0.0425945441766689,0.194808059123345,4.52391135479987,4.79592178706438,48.1929731120449
81.5532678393181,0.603278665057942,0.460024787844531,0.0492132537408872,0.121659738227073,2.6204274963832,5.0221738620777,44.9244679104296
37.169992139563,0.82325189310722,0.475786360564269,0.0557212809396442,0.230948065169249,2.21683936167031,4.70962770018688,42.3667370338573
42.9570689797401,0.126626263651252,0.406617788956314,0.0255627593752206,0.632249434607197,2.37524477721797,3.8996284117938,71.1901232226147
28.1092594050337,0.62174869126752,0.398300099079311,0.037658486390824,0.853955903376313,4.39010797742242,1.24205602098281,30.6941592392583
19.8016770658083,0.662784182581678,0.496243353288621,0.0456760964150866,0.927758632793045,2.04364615080331,0.6237833861337,21.4036439921835
54.6046363449655,0.443599176456407,0.44345086668022,0.0730981125964946,0.570126512855478,3.02905110549391,2.90114069409162,38.1025743542705
5.70427892319858,0.82181538029015,0.494838564233296,0.0416417816592287,0.293722549252212,4.23893413685367,4.87408990358955,40.3958143511981
19.0860464049038,0.812233704550192,0.185834021799266,0.0396308335282048,0.839361241016863,4.37690561121062,1.33295756120844,28.0908848156977
57.7191804972477,0.446221737783402,0.15408595708888,0.0293940068324795,0.378951379818888,4.8696328095214,4.07392838950688,55.7668472332659
12.8685388299171,0.530665598184243,0.388687157869712,0.0529534875026764,0.145399181970302,0.38325412776228,5.1324484365141,48.7342807158253
93.3147906590253,0.744183611319959,0.426508000022359,0.0389080488285725,0.757886796341231,0.25598688604089,2.0058259144223,30.6440100131179
79.472402380919,0.199118327510729,0.120645486203954,0.0158092651205952,0.810795484847482,3.6429935275577,3.18283325764565,67.0123669402612
25.5212075140793,0.282345258407295,0.456174801705033,0.0703547936454858,0.84769471550528,0.698593233286869,1.34525236970303,30.7051351987876
7.21140197813511,0.86194612881504,0.178452099552006,0.0218580012497958,0.585274019007245,0.970400947129587,3.65389754868655,45.8314170534194
1.59190334607847,0.316766036010906,0.181578764353879,0.0796253685314511,0.517755232725618,1.15545807043894,5.00496580662519,40.2411088309068
78.8225929722656,0.628947361475229,0.109852397187985,0.0354967468779837,0.575482808889402,4.45045288783859,2.82396566550633,38.9384459169609
35.7325363968033,0.209061129931733,0.290185493447259,0.0563200143800583,0.807090731077595,2.25510624697246,1.70180357743685,36.9865809195827
51.8016373759601,0.148269397709891,0.147140925703384,0.0469260924621928,0.313986501569999,0.370772262420272,4.38086134525544,54.2910635334571
97.2202661064453,0.757252097977325,0.333025574772991,0.0331569293461624,0.284356991132256,2.607775557435,4.25717933261864,39.5326676073737
16.9739924121182,0.487204435249791,0.393138150534406,0.051677533245401,0.143605687927268,0.562360798111185,5.04634083329387,50.8096079867996
22.8572363004088,0.783891523168236,0.446125379035808,0.0409717484858632,0.482978090005973,3.1975156610792,3.6,40.2564841455881
45.7815071817488,0.222717664767057,0.272592170813307,0.0502376236444782,0.113344268925814,1.97147446047387,5.0388631872718,54.7121503154496
74.1635671099648,0.400118582107499,0.445569760902598,0.035827253890445,0.281510499850288,0.862014521765173,4.39339886257032,51.104319959091
49.5624757592566,0.427441120724753,0.383189809427224,0.0168687828713632,0.537482355424017,4.30528082165378,4.17437750536136,77.6590531481568
11.8047270678915,0.193786636174098,0.425367218094692,0.0504778494370496,0.960530078809801,0.262210908948095,3.96893290332559,50.2477847531047
53.1747881310992,0.449633215610683,0.362177934304625,0.0206150459994585,0.714122294848785,1.79556095752469,3.43525041284686,64.9392114813617
96.686145329941,0.814416337040067,0.338254670774937,0.0383908403812349,0.325936792425998,4.4779499505813,4.12720307733577,38.351707070029
56.2297934432514,0.703962405186892,0.495914618739672,0.0534866982724005,0.551146257167775,1.20631398553983,3.02901866548829,37.7768981318735
65.1332879289519,0.39611106756255,0.463257402122952,0.077447553023952,0.275221215505805,1.19505632687151,4.4,43.1052269305491
95.0539300973993,0.196249692265317,0.250083634268679,0.0777445561652887,0.343968484531809,4.80157547471125,3.99772342696175,39.0169573979162
70.9715549901128,0.617053208050132,0.110924473930895,0.0215997420696844,0.648986268596072,1.27583393561456,2.91585470647806,49.7252966709712
21.7877417314798,0.758852367790788,0.378150986956805,0.0302554806678812,0.686170347020263,2.38804072332347,2.5313278004668,40.0586111338126
67.1462212691549,0.558651543429866,0.240418502729945,0.075205510393586,0.373411056385934,3.93974143306841,3.959180390329,41.0268730112015
72.3157944240142,0.750676559281349,0.413409279933386,0.0227639822757314,0.337554348362936,2.06874875594908,4.07670552504925,47.4792337055727
11.6940601033159,0.23120734015666,0.339014906412549,0.0289355768003105,0.553504748129053,1.58973416820983,4.07826109272355,64.9369705771901
85.8623513372615,0.381956988016143,0.28131502191145,0.0494555067142611,0.979732868179912,4.77258125474397,0.120193578827391,9.32669130374465
13.4937342691235,0.548257505371049,0.125944751116447,0.0707783540302352,0.2364559513079,0.397684433904127,4.82214119741013,43.3090255526064
30.7337814293336,0.174312977100164,0.249391977776773,0.0767872444547131,0.67634388737944,2.44127108543168,2.41374716072206,38.3162687795066
76.3317986615468,0.250719523940235,0.20093539131172,0.0754763293410814,0.955499777764268,4.05393931688555,0.308667484528694,14.8959057123589
20.4714589570649,0.271551367492229,0.278767285606451,0.0422791999845137,0.298625846548378,3.28508614204673,4.51183631142603,57.9449775234732
41.7468029888347,0.508918783746287,0.382253203145787,0.0198478601783561,0.417155441623414,3.87977346916124,4.29987336557907,69.4019434087992
87.3918011012953,0.375472325372696,0.157731838125549,0.0549609248193703,0.890688521992322,3.635525010527,0.766661502298992,22.1318781485868
51.383595710434,0.313977019778639,0.433822479828633,0.0441772138158744,0.535084256454464,1.63606379413512,3.32416171662543,47.0236927648717
91.3424290553201,0.431794454380125,0.137390746915713,0.0577340961638326,0.750050871876953,2.3795768249064,1.69604798683563,29.1706304337869
94.589015315799,0.395877090759575,0.311885049975291,0.0234573481731978,0.563021849314077,4.40266183681867,3.08508101468085,46.9315085091933
66.4307421900798,0.303374021466821,0.212832989800163,0.0720785576215619,0.183938093504217,0.444701219517388,4.80000000000001,46.193222486405
93.6777047434822,0.465365849145129,0.427607968997955,0.0519804168618051,0.771723447615281,3.05508095333341,1.5276262789031,28.2336647867374
57.2751877315342,0.641490445482358,0.165741976374574,0.0240222922892799,0.712161110665137,4.36792248849431,2.62322595590418,48.8711403600385
77.2715855136048,0.801658540312946,0.163794785110094,0.0281153855411522,0.1309772502915,2.16231566975382,4.94617714368001,47.2233871002461
83.7559700025711,0.63947477301918,0.342585263748094,0.0340193350658892,0.358831203610543,3.96933177493943,3.97721166420931,44.4113201604898
48.2145323530305,0.510406132417545,0.492032540065609,0.0327081242069975,0.126871430767607,4.67799603478564,4.97491747426775,55.8500968641173
79.7158617744222,0.596657782205194,0.395186956955865,0.0742671062931558,0.515263303746749,1.85548547480302,3.16038849720692,37.0400583351092
7.05061759520322,0.550663172863796,0.266209668576904,0.0551969561436237,0.590965944695333,0.519335338696255,3.72465791064309,42.2239571915389
78.3817433477845,0.353138040646166,0.145969301873259,0.0369493309308938,0.318940639573522,0.85607952767855,4.21121617238699,49.8615018832075
2.46773720649071,0.681241395173594,0.2606428749118,0.0447968044582265,0.770119103179965,3.60771769075014,3.41455795659487,39.0650726467479
81.1309752298053,0.685846242779493,0.193600856942497,0.0716953869006666,0.363260974290036,0.622713319182396,4.00643931168765,39.5689622165863
89.2148856630083,0.109569756256044,0.367405563786998,0.0184916227845708,0.595536080716457,4.53140798340947,3.70471532348355,68.819559771127
52.2667405616026,0.794555358046293,0.379944402984716,0.0428649391316413,0.819593194489274,3.62775777467713,1.31659475539607,27.8424073438633
6.3972642574925,0.791391300000995,0.234345070501231,0.076373050589133,0.689182356692152,4.9060363960343,3.06982935173251,31.1615249060725
24.062855282193,0.345515598921105,0.329381046758965,0.0282790720930276,0.228704195774533,3.87282837745687,4.77111063882075,68.395093863668
69.1784619471058,0.246114374954998,0.175524252162315,0.0316612030145293,0.405550770956138,3.75817655997782,3.98668888200464,57.4572151741392
14.5963043163065,0.608090494219214,0.275009527185932,0.0440962261706451,0.909714804737922,3.076416262071,0.887145261438592,26.1298627454764
73.372729415819,0.145991694126278,0.408492039086483,0.0710452618271229,0.625140543782013,4.64268027264893,2.54798724395825,37.6031481314719
64.8317571767606,0.827484330194443,0.210529726769403,0.0623790515974024,0.76941553252046,0.84725731482741,1.67319876374593,29.1958260925247
80.907251596963,0.15080562377423,0.313771066750959,0.0625558470916632,0.932154896885017,4.33910883164639,0.487277375203838,19.0575119585192
4.74467049301602,0.185580374468118,0.120893064780906,0.0488989468180039,0.571846439275937,0.414022189376294,4.74670918636911,57.4608885919329
94.6611052516382,0.80416695968546,0.115855545862392,0.051062479404835,0.765893094984908,3.17595087774261,1.59683233604917,27.5926406103119
67.6187661518808,0.31492487504594,0.408881425587647,0.0313521774109174,0.348846646936564,1.42192845800496,4.22273358754102,57.6787971152991
6.80874293586239,0.631953639547154,0.390126046480052,0.07195523715914,0.640487205635384,3.72874743942393,3.33382840008954,35.7066428349488
36.2653230725788,0.611200438494608,0.325754752129503,0.0205776392497239,0.747452672061976,0.784719642812503,2.84519778907321,52.5332992974969
8.4139034890104,0.34716077407375,0.127150163554959,0.019041010858498,0.20078584302715,0.36137476080202,5.04640225884669,79.8351758711879
32.5808484264184,0.579853633594513,0.449671253393032,0.0576040315789473,0.516565499554388,3.20931458847027,3.35232347111242,41.0829726990858
54.1576280102134,0.140074096492678,0.499150921009481,0.0569122586999298,0.53144473152007,4.29422759324824,3.2996413300104,46.4702970409748
33.44032556694,0.332941806254536,0.473096728525497,0.0578100861922372,0.164584337645071,1.2660938427283,4.87544423773902,49.6271893672455
26.0958097319119,0.288312529135868,0.491138575139642,0.0541702744560991,0.449894126738189,0.756397284886334,3.8572463438334,49.045218994142
63.6462232761551,0.850293813957646,0.417183621410653,0.0192351272326591,0.174262469641678,0.305966027786955,4.80515710773819,49.8866748665876
45.0028196319472,0.564790306214243,0.268457532102801,0.0600794463683735,0.92878569204905,2.08309838472726,0.539060427573584,19.5855617236326
33.6800441446714,0.712432769774273,0.111306387029029,0.0529782764790696,0.72132452918673,3.51081778542174,2.05285853329448,33.2723263880454
