stableBindProbability,chemokineExpressionThreshold,initialChemokineExpressionValue,maxChemokineExpressionValue,maxProbabilityOfAdhesion,adhesionFactorExpressionSlope
63.8870291068684,0.738687975020334,0.150462160198018,0.029938303677943,0.866686868487718,0.569160230072564
97.4719759861007,0.241536056525633,0.127347518739663,0.070033726479502,0.725104774672724,3.19126452945347
12.400164475292,0.713222049494088,0.324178139681555,0.053135668916791,0.65061536949831,4.91505450518127
54.3095495828427,0.217309797171503,0.492965605920367,0.065775141949921,0.666691151132481,3.15210834594758
70.664139855234,0.358428903314844,0.236650329441205,0.051531978299643,0.316251154618245,3.37739287579688
5.96814445042983,0.205848046946898,0.327624837643467,0.041180062950824,0.263242787514906,2.45669429470401
27.8059746341314,0.223543454981968,0.401660757191665,0.038755737843998,0.602805387323117,2.15085037875641
15.6603861471638,0.203909267358109,0.28858863485083,0.057508983937688,0.86093357954952,2.94863652998477
13.1732284398749,0.364757959121093,0.487278831706196,0.043164249271755,0.56966617667554,2.1275669391359
99.8840541103855,0.868570126310363,0.356422199155763,0.079244072275609,0.611374593847804,1.2562171332367
1.15667706360109,0.79039148782231,0.124369610697217,0.073601121643458,0.740702194878552,3.91316631173133
47.1247790883761,0.841823006303981,0.437314100220427,0.02017363914226,0.710846773131378,1.07064675247425
39.3830865846015,0.159172410147265,0.281679976897314,0.017890712423674,0.88438964010342,1.36719581601641
60.4726263038348,0.26596072820127,0.122926536699757,0.026616268997486,0.116001504464634,2.72100733188237
83.5451162463985,0.615464580613747,0.316107202319428,0.027726562495746,0.988793089111568,1.80311127977341
61.9635522246826,0.82581434520632,0.235015705724619,0.063610472437874,0.600793610834843,4.4972626580944
9.72434496255592,0.200813635575399,0.351484364668094,0.056624666756787,0.821099548402987,3.55966028099973
59.9953809585888,0.772392797804624,0.330685328275338,0.025695798718245,0.137992118940502,1.10668625417817
48.1021588390227,0.114544215907529,0.263213937943056,0.044268020006337,0.692339244718477,0.655766999028507
51.017747729132,0.215777657123655,0.41121441735886,0.079459443648835,0.380382261216501,1.01141423744126
11.2764811779838,0.745832318841293,0.184054830498993,0.047275926873977,0.333215369320335,3.7884263944485
70.512228147639,0.434787400777265,0.162771734091453,0.026146675165452,0.203384942984348,4.89755988914112
11.4184694210533,0.402746991212666,0.40964539384041,0.060798984146544,0.63585158751118,2.99862133332936
90.3264930563979,0.660159387115389,0.44827166878581,0.057014414948139,0.481361357230926,3.46932810539834
28.9534890652169,0.609962799536809,0.345932943714224,0.022359195500163,0.549725257403683,4.72367514248122
87.1561732627451,0.871021278858185,0.293606527472101,0.052292280142945,0.970554060483677,2.48995836113265
14.9882397615351,0.329915446244553,0.354180564201251,0.075398691262796,0.198387433426362,2.54047207949834
74.6959094195627,0.794145758609474,0.420877968959883,0.074309986551327,0.106856679323548,3.33792854066088
45.49335282268,0.688103923623264,0.438680602551811,0.024422220307847,0.878285104662972,1.04583580330503
82.2703958638012,0.372113772513345,0.442250868527591,0.024524228364583,0.862821377883479,4.08693017602467
98.9122999605723,0.835704881782085,0.32177003716547,0.046192979672197,0.50127859783168,3.82271941847866
29.8710366955493,0.453632387778163,0.228873225358687,0.041945137870486,0.618203036830341,4.18528212915524
80.5389569383115,0.195101917972788,0.229645876907557,0.067759757959205,0.135495421537152,1.65085367555311
84.770337461913,0.417620923705772,0.489436215192638,0.027769400392573,0.669148489071941,2.13214609945007
50.5036842054222,0.775917546701804,0.244556925476529,0.079177145699046,0.496223745494382,2.36408105297782
39.811415719986,0.842852481492236,0.344892037667893,0.042068522492105,0.755290522130625,4.12272536072752
79.8485047932249,0.328079537139088,0.349993587798439,0.025108188806931,0.850777218320174,1.47226435703808
50.154891949147,0.336369775854796,0.23248115659114,0.069752944939775,0.889203382645361,0.91892147605936
82.5747825957835,0.191474432549253,0.334604050175659,0.072446945493342,0.708291157154692,1.02764924731746
61.7105266627856,0.855296883350983,0.140175741200149,0.073201339893409,0.705059620062588,4.6176587774331
43.1179720637854,0.322782364729419,0.201816718397103,0.017438828331227,0.35587651316314,0.635211018647766
17.4768755977042,0.767501470745355,0.209756371163018,0.066666357645639,0.986498662359733,2.53846571112156
31.6490201648325,0.846631468714401,0.402691138036363,0.018595588160788,0.428095102842012,1.24021168338938
44.6702832596842,0.796429148060083,0.306278278750554,0.023071412615434,0.763230392056797,1.52222712995159
72.8618680336047,0.21183688695915,0.252658695711941,0.059021659014653,0.65963568398403,1.12739223029418
75.2826899796724,0.419208466741443,0.446569943399169,0.038427884688028,0.266401592826983,2.8702064171565
20.1816727737896,0.459873305064812,0.109305460109003,0.078327801950576,0.303956329130987,0.901391770843998
18.836153938761,0.844408634977788,0.462545698044822,0.024744233833032,0.334312918907218,3.71699820029328
24.8220864654053,0.884893090918288,0.277235436426103,0.058432367649954,0.181475053347228,4.06759262135881
27.6837366302032,0.800642138145492,0.241986853741482,0.054430608126356,0.599638342228066,3.8891279884266
68.7794593977276,0.880708011732623,0.279396782906354,0.017037280804913,0.691011985156639,1.3380994225411
21.9675038556103,0.802450331942365,0.383235987436399,0.043589696798516,0.102354025408067,3.79491625407105
39.6903277141508,0.369515636738017,0.261844644394703,0.063470867014811,0.409155362260947,4.270135714103
29.1916663842741,0.663603503284603,0.286293834052607,0.06142623467302,0.700190282511478,4.66516509154171
8.03818615726195,0.754781799320132,0.320841970522516,0.018977790633917,0.816429626961611,0.733732312702225
26.4977556518745,0.85417758932747,0.470515554946661,0.031086775628794,0.919781299252436,3.2664975218433
62.7770660091657,0.142212634206191,0.170977935796045,0.073883201755476,0.373741486754781,2.65046363714465
53.3548412157223,0.325068517705053,0.477442017623037,0.058142240435437,0.8031981147605,4.55414607684081
73.832686214149,0.455878876913339,0.131442696098052,0.059513676285842,0.778973624562658,1.68594135528163
65.7350752767176,0.562500248584151,0.10357612178009,0.067265988593698,0.307880298666842,2.2273263440571
26.9581573246978,0.341329648841918,0.496844937496632,0.04824443985821,0.994939900782425,4.11246942882368
92.3934747538064,0.132391191504896,0.464250212212093,0.026992191206152,0.39642884990694,3.69220552857756
0.238699386361986,0.258689569320157,0.254083099919185,0.070589246528866,0.73046609273986,2.30842913953972
13.2507168214768,0.444632810595632,0.365673101668805,0.017992340821433,0.231626732973149,0.538240786851849
20.9766159857158,0.888333990518376,0.197593161087297,0.032312143997895,0.312083168354584,3.22512761537428
78.0525991857052,0.423071395973489,0.393988937337138,0.07126057745432,0.247419443614548,4.62639572786051
51.4998904705048,0.725802941003814,0.140885760067031,0.023612485979658,0.857839815588202,0.463381234484375
77.4238686169032,0.392316609391198,0.458747230098769,0.067627587156184,0.432622552404366,0.669011212160927
89.0250640750863,0.164820097310841,0.11350961926952,0.042988802896289,0.339073513728986,4.46166473161511
46.015798108466,0.595125145502761,0.142889674406126,0.028675433284787,0.42385064381999,2.7074629705603
90.0374662888702,0.272839968384802,0.328665642058663,0.066173725222994,0.94113602393996,4.21941815809766
24.56520369309,0.466916986579448,0.145247049583122,0.063266160573231,0.147273297371622,4.6975234614982
54.4841468829662,0.718173925029859,0.350524472079985,0.035239067330516,0.964459691911656,2.05451493139158
42.6885085088201,0.250127067426592,0.37385082128495,0.03598805479815,0.618690199326165,4.65183273610997
95.5512038516346,0.700403981719539,0.148688070493378,0.034902499672452,0.479069075887138,1.39279191835644
29.4468875029124,0.526091637846455,0.347342240515724,0.065354866237317,0.455764267079812,2.71230132391828
39.4375745692756,0.23831727248244,0.403630900088698,0.055983128525335,0.463139207502967,3.59141333318374
31.0304239045829,0.6923097817339,0.221392452773638,0.019412308949782,0.784276472304296,2.58745592350129
90.7928654905409,0.131844849473983,0.34813611139413,0.065890273668394,0.580451001677802,2.27235891398031
3.30014140913263,0.293393693854287,0.431474623914063,0.062827014532071,0.253139547218848,4.09385655304662
19.4588941652793,0.816189553511143,0.227113964606635,0.020408779038405,0.946566948308702,4.44761098430632
1.67866210504435,0.1289016920764,0.36276319677569,0.037026460926416,0.543009376352932,1.96502785271429
32.8585670638364,0.537051867485791,0.292417214455456,0.042792574451133,0.124880363458395,2.28556623481715
71.8883050326258,0.853005730771273,0.209579614456184,0.049183636625828,0.347239460168127,3.16310652655002
47.4533403609879,0.166944791113213,0.134060571775213,0.06716602817314,0.354755872501293,3.13449906953308
16.600474804081,0.893555972429365,0.365483272740617,0.023769263971287,0.801203745992295,4.68670351373474
54.9021245914046,0.676318571367487,0.123949596411921,0.053659725879142,0.220160450915201,3.12238809498458
9.5784254096914,0.180781976810843,0.283787363640592,0.063665749260339,0.513109196913335,4.96630240700487
91.6931511964183,0.248777150164545,0.220755477532558,0.048088012004981,0.709396396943694,0.891194014691282
91.1249143061228,0.71548022803478,0.440542864659801,0.058868416976458,0.947933558935346,3.65578580357402
18.1181816854049,0.30030500340946,0.385586948073842,0.057936161878114,0.345639241278311,2.80815780739021
84.595549699571,0.88626734948121,0.390662836681679,0.025872056734234,0.490085936914152,2.83380842698249
61.1281293513253,0.486920676393434,0.311164823516272,0.068525070073619,0.834568051329814,0.434232563818572
6.67883577207103,0.26479261145629,0.100834341687709,0.022506533955773,0.330160588410497,4.2677022039427
89.5644991087727,0.689569844188541,0.352035689998232,0.071362679957759,0.440805188207654,1.34348466179892
8.7539969414007,0.2570068604175,0.366980138574913,0.041289178765735,0.76101117998911,3.86539636152447
96.3344785338733,0.37863222313188,0.24722367177587,0.077230898689088,0.340060139012663,3.53282737913693
48.8373453127686,0.275767353244498,0.433308284473419,0.040116291981158,0.260281951289298,2.91158381388069
98.7051040740218,0.83123579476215,0.211892170477286,0.041471096473371,0.798808138045575,0.33072297734837
13.9959591146093,0.582653415821865,0.21543864941597,0.04591992083749,0.924233916376438,0.310973753205617
19.6438094323501,0.891343037375063,0.167991219405085,0.03826246037106,0.814693106871936,0.818075542217935
71.1825472181197,0.493625772940367,0.104273740678094,0.059632089644151,0.527144376729848,2.51542809979443
34.2050580588169,0.881465627539158,0.45806715042796,0.037760637765827,0.365395415212633,0.410830926545314
22.2457450131886,0.833699164200202,0.135226253477484,0.074126657991286,0.162188238024712,1.75545393633272
10.4036826834548,0.786920698442683,0.312769365604408,0.041821951788801,0.120505270227836,4.17110890612984
6.03142188200727,0.500701901443303,0.421938596198522,0.049748815436587,0.322800006113714,1.86406248333084
2.24843209409155,0.535950784934312,0.418841299715266,0.035145345849211,0.397491908191098,4.78228527141851
93.0192822489887,0.898521216785535,0.326515575587749,0.049952437869741,0.152505318019725,0.277140576374717
62.0131591174286,0.695128300540149,0.319046308524162,0.026860155214793,0.425575736247934,2.50230891658983
15.4276999065652,0.154397994282842,0.339768203557469,0.047777446550995,0.200884852930252,4.54459721818555
59.4353744017426,0.820049334672093,0.33693130790107,0.060450954764695,0.844236197519256,1.04943523963715
5.23733508503064,0.612557499435917,0.130685817554034,0.074453694995048,0.431082268971158,4.13845912256918
99.759202475706,0.188683631227165,0.466874325655214,0.070397816161062,0.786160998810548,3.36388317051309
14.0206976436544,0.597753771634027,0.282984184582159,0.066480746336319,0.510738179105148,4.85588714873348
86.1989844019525,0.471067229800299,0.371714795489609,0.076087313344053,0.864271113795182,1.30391830860218
60.90864088214,0.360584591761231,0.267306809767336,0.05542871061377,0.361073332171142,0.79971281493362
3.00503062047064,0.645594909172133,0.32051633435376,0.044693286360116,0.807614114068635,0.958352547111223
68.410341240745,0.41218617805019,0.424713975968212,0.075683133378902,0.856152675267402,4.56526481045038
66.6803726184182,0.231158308197558,0.100303481457196,0.061843684710865,0.351926250681235,1.98441726084752
33.145435555093,0.478283793301508,0.173673830250464,0.034489651339273,0.238922271060944,2.92945542481274
60.0362109916285,0.490489183644578,0.168644538392499,0.01776992626962,0.214654800943844,3.93475941231952
46.8102911038324,0.667495347344503,0.227852860834822,0.037458425177727,0.448514469675487,1.33283284675144
92.5562595728319,0.533656539158151,0.429328586327843,0.015347314823766,0.48750262361276,4.02561096903658
3.58773210230283,0.460829766493663,0.105305384398997,0.033940762715468,0.842498604416475,2.73441877459572
43.8243334108032,0.394002071313188,0.149464352151379,0.078140170953292,0.797348558187066,3.8068393849876
67.5569788475055,0.284217592068762,0.44917326870393,0.069606327606526,0.412316195718246,4.47207607341069
69.2216711177956,0.362079569435865,0.238916621435061,0.036348375489649,0.539679241862614,1.69890341359144
59.6334829697385,0.613694696245715,0.462060853186809,0.065969177182338,0.499499132044381,0.469424417431932
32.7549140011426,0.86612949801907,0.434561392494477,0.03479992096564,0.411289012788096,0.373815908482298
62.3445162339136,0.291873523622379,0.223031854298897,0.016380076564543,0.314474764870806,4.59224288966705
62.4969083325472,0.283740720771626,0.400890868851356,0.069515438659492,0.238306778746285,3.7506131974255
29.6300644270144,0.575465569695458,0.415073959513754,0.072472964312031,0.675637959339842,3.97996525622753
72.5916678783484,0.625407127229497,0.297823616866767,0.047522525996799,0.251641337370547,0.736370921198279
67.9181436641608,0.584894516700506,0.341708836584725,0.030198510763526,0.184674069680553,1.5270176606864
16.1817762272432,0.290215486506,0.138965082944185,0.033386917055729,0.718751285723597,1.89501868827478
30.4473871374503,0.522587992573157,0.315505070047081,0.020776035054978,0.27439349632645,1.81944836145046
75.195824736217,0.406139481226727,0.474894653839245,0.03576726023925,0.24874507769444,2.6604209718192
44.9585284291301,0.763974457409605,0.490071560343727,0.032880467631696,0.389036554996343,1.7644687888748
33.9917100779247,0.475082389497012,0.16942596297469,0.02548427736907,0.457521248530876,2.55203110853897
58.506724793464,0.227705814867094,0.191248183255456,0.078898548548003,0.623316800671257,4.73595610459335
57.0475888252258,0.620299541870132,0.343323794036917,0.02743730853305,0.301916742604878,1.70693978067115
53.9291505322326,0.235350344175473,0.271039536827244,0.028453585037869,0.541221214305051,2.85144484807202
47.6697451172862,0.172685432602465,0.224860897938162,0.036192444061348,0.104799316971004,1.4487827592286
25.3680604093242,0.128410285573453,0.162276093923673,0.039381546127233,0.288672786379699,3.7651387731306
48.6277140436694,0.87294772602059,0.474039446857385,0.060556388533148,0.945841985295154,0.423314845165936
80.197907830961,0.321325121144578,0.19865806242004,0.02535056830544,0.403628660902567,2.74413467953471
63.0415322135668,0.629733063792065,0.186959877073951,0.023054395528566,0.651476337540522,2.42720962089894
27.1860439121258,0.336908774778247,0.319999206838012,0.017165655875444,0.981759248541063,1.23039031641767
7.56957737361081,0.293872470244393,0.29154031156078,0.074586873632453,0.904774879172398,3.8989856033324
41.3729656686541,0.105752194830775,0.129135709287226,0.059092119140495,0.975684257512633,1.67802454104053
47.21944687129,0.436327579166368,0.199210204106569,0.034589192307021,0.97130184026393,1.03815167625342
1.21941066537984,0.798860509115458,0.322746071520075,0.029067626341071,0.212443825096823,3.23725014032528
10.1795105525758,0.338485697971284,0.230975874594413,0.052515885793187,0.565529552628193,2.9217633390628
94.047890013177,0.296330264651403,0.256483446500264,0.034229659175503,0.895537356531946,2.98426154195331
35.4457616957836,0.441706870386377,0.324817994819395,0.015766785709625,0.597750887979195,1.91463905068696
50.2616124605294,0.44776170893088,0.24525498395171,0.022268927512951,0.897809964642488,3.73657765814336
53.631350791594,0.583490478114411,0.431133692837134,0.022929119362338,0.925179681463819,3.30475893286534
68.1468947230372,0.398711373053864,0.205077024522796,0.018257893079747,0.240857178919436,4.83775092433044
75.9978179566562,0.785124203453213,0.384014786707051,0.040699796645725,0.836305031702062,2.66377220832801
4.18376929522492,0.710030663697049,0.133158495425805,0.044410113803591,0.523231705601746,3.99458857983805
86.3779264933895,0.769304525686055,0.465177079850622,0.036671860883166,0.778174698616285,1.16743024513498
71.5483392329887,0.895406738037989,0.164650261932798,0.01873937830494,0.95095195440962,2.90860778940434
0.988418826367706,0.774915359035879,0.125309474627674,0.019562662095144,0.160524254912511,2.80468498428853
23.9391953440849,0.505333946241811,0.132008705992624,0.048563806220971,0.38789905469534,4.72769127813284
86.6480763913132,0.542955854215473,0.288931086297147,0.058218084762818,0.492573438122077,1.48879327876982
10.7682280630805,0.182105845645443,0.225976795380376,0.068572296376207,0.476609022677923,3.44592329741234
82.7539427397307,0.458144354879484,0.317155822570436,0.032636456494031,0.774412995282281,1.93643234823272
70.367293815175,0.102923258430138,0.192797701043636,0.043629725755116,0.107286059670337,0.573230195197742
25.8749122675043,0.742868209664524,0.143882607174106,0.0332238351986,0.822118135766452,0.604316946977167
23.0214667912107,0.269669823941961,0.158736384899914,0.069397341290638,0.289131032376178,2.2081598180522
18.2315698460676,0.569562350067869,0.169674399966374,0.04871580033069,0.544948964513186,2.35577767870086
0.428819404169917,0.735545386803523,0.239334056285582,0.03163551202934,0.609666762051359,2.02877651277662
58.809764428623,0.310020496067777,0.34894917561207,0.054078085814347,0.916098392291646,2.95788244549814
53.5813287001103,0.308235277988017,0.202831311896443,0.022659518563526,0.605606150485668,2.58609097266314
3.71631836518645,0.468398232186586,0.476719040603377,0.069147339039194,0.485166674661078,4.24924375836877
70.0425273050088,0.871433153396472,0.439461330848001,0.046288435557275,0.171199518873636,4.41278441578464
83.1172774914186,0.430349193649739,0.481988225483708,0.075719492609627,0.25646910576974,1.09268013779458
19.2214938115794,0.326530731510744,0.270206332428567,0.039259208068096,0.472929156646458,4.87946642160858
79.373434956232,0.204924677779526,0.405811032333784,0.01881160616142,0.476128666538093,3.434957108267
3.97652036440559,0.605415750791505,0.1762853889836,0.017514165655202,0.968119645543583,1.47831458747329
98.2638105463702,0.381088580306619,0.117057844923809,0.072323892011335,0.574802920354344,1.57251549979544
42.4958366902079,0.312098201745376,0.378752697030455,0.03147979316873,0.938517123986222,3.21417850079411
98.0880856973585,0.252505380013213,0.259741442963853,0.052635720760932,0.4369182170399,3.67309320000757
83.2883972405456,0.453587483328208,0.223571662777662,0.065077602896278,0.954004268108355,1.80859784656833
25.7210229459219,0.120759204393998,0.129924886553362,0.034364963797187,0.472328557519056,0.976022159361048
81.6890172365122,0.440107692088932,0.102608419638686,0.029523647573337,0.98332016455154,1.29279442430113
52.188068498252,0.656672813457996,0.188504769790918,0.054716655209803,0.218392223729519,3.08240451385954
11.0610172034707,0.624353529288247,0.300307770811208,0.020857357045137,0.633263300928241,4.99326882319397
30.8059274729341,0.239916383115575,0.255483606907353,0.055681187121237,0.895666060988326,2.69574698956381
35.1376510662492,0.67254412541613,0.400016785207763,0.053925297198356,0.244743538367515,2.31887670858379
27.5015578047372,0.527287141119689,0.430036900116317,0.047225804994537,0.132550426684832,2.39771900060819
92.8667795152403,0.87618817704171,0.212598714906164,0.047713039092147,0.88053741740482,0.497230410313001
12.0667939918581,0.636639631437138,0.407438985297456,0.079515103731894,0.63668099732711,0.586599598642206
74.9491097023711,0.543819365321472,0.41523964310009,0.017640050397168,0.9523032226427,3.83961008947471
15.9639137588441,0.219719603220001,0.286659425088577,0.033739039576012,0.887968478898378,2.68382212825166
0.195307895168662,0.592797718049586,0.184800607860088,0.078821638743102,0.741147662969166,2.57494602068095
44.111986020254,0.857126935937256,0.360736245372519,0.068322938188925,0.74285656091352,4.03760025778448
81.8902661998756,0.723907298611477,0.17247257209979,0.020281541527477,0.485867248283513,4.5793768497894
36.4395621789154,0.659532768094912,0.147861128961854,0.06703976896364,0.470531914661545,1.77711846239748
56.0159415824339,0.280587856462225,0.404816186864302,0.015547894316486,0.594591422909079,0.452229159431998
20.2453845272306,0.85191967105195,0.422654119547643,0.073974698947873,0.11809336735215,2.89686443981202
52.8240182453301,0.724006700898707,0.166813570060953,0.023244020072839,0.368862538990844,2.88285019312275
37.7847295206971,0.415852470459417,0.25307582948003,0.024322774140998,0.110559974472132,1.66294882669265
82.1561037644744,0.429568478274345,0.171574166776426,0.041015923786049,0.271136985723488,2.81545426834759
24.6176591206342,0.277308463231474,0.139824530762061,0.076747757913638,0.628365838188957,4.42336723034689
63.3208219283726,0.879197328942269,0.3806414976459,0.015976521482219,0.736499097392056,3.68609684622334
73.6997373996303,0.71667392869182,0.341139834381826,0.020044675735768,0.976696682301397,1.00145068311028
88.1465099249966,0.601429378486425,0.215168579470366,0.021018108433331,0.328197491440084,3.49891194944107
60.313186663622,0.352477699097991,0.267079653399624,0.062019101689369,0.86796627763561,1.32293824198132
69.5949987782631,0.707776946855336,0.290960518801585,0.064089604483701,0.215537957990961,2.087747412108
83.877483273577,0.155030269437283,0.160824101028964,0.053315431182468,0.70439800986792,3.62192549327132
98.4210527536925,0.497113285225257,0.335990822420456,0.027229773335066,0.332100548198354,3.91881271281955
59.0615496837534,0.733306217133254,0.368888633989915,0.062302599109651,0.931195281356433,3.27866089217283
17.1667376130354,0.208399167524278,0.499480097814463,0.073642602984163,0.342990006844001,0.875778286463814
1.92228226852603,0.77839043019265,0.242622428294271,0.041720625129787,0.445438736340404,3.18336053653655
66.3686529069673,0.590795015598088,0.412633126283251,0.0304292045526,0.607862717118813,4.07048817625653
46.3008374295663,0.299214322661608,0.493673630947061,0.072624058653149,0.638714993673656,2.76179387204989
56.7478735997807,0.244828052473441,0.481502052835375,0.016536706979291,0.64271468221643,1.17343009979429
86.983158911718,0.568123183353245,0.196777393274754,0.030721873115031,0.607422960871085,2.87228530477674
69.9489426332992,0.260441293080896,0.381110936883651,0.026389317304401,0.933788763964968,0.87782556891162
30.2191976140719,0.817395983391255,0.150231809893064,0.064633236238561,0.833674504044093,4.5901829231783
15.2633845871314,0.267526392002776,0.483567779437266,0.051914869274269,0.789716843063664,1.83235683125677
81.2050310620107,0.554424429326504,0.248302591788582,0.036777787354917,0.172344388647005,1.86534063205228
84.819211588474,0.512657616997883,0.264348823103867,0.068700200250205,0.16609359504208,2.99326457892917
30.1193371149711,0.702271023329347,0.155083420092054,0.078989810691921,0.142556068418873,1.74243913333816
75.5506558251567,0.565634929404035,0.333773723155074,0.028620280508874,0.699205739098089,4.18061822454177
95.9365017774515,0.731134594779462,0.200579207313061,0.036178036265604,0.547809426012915,2.24186618298723
21.5133982566185,0.867252129689604,0.33208644493334,0.04518500126465,0.452786888110079,4.19948134572338
97.1915817444213,0.553678110986203,0.374669624692388,0.056166836717748,0.381539356817491,2.09784028693347
23.6396180264186,0.212183399628848,0.497775313815102,0.061019562553752,0.652843531585345,2.60195653509104
16.5219433301128,0.169219185940176,0.37051961804647,0.024924149350566,0.264864104319271,0.717688875830267
41.9389457887504,0.331150060079992,0.392154260600172,0.066958098971606,0.95906900654924,2.45260087021301
39.0014742771164,0.883227004951611,0.303802677222155,0.055924439814421,0.519519482787931,2.32538845306844
32.3316532009281,0.506551081970707,0.35912624332495,0.07801429911366,0.40777744077188,4.36295920477458
13.6008246697951,0.414146025599167,0.297006144555844,0.071658691955234,0.459771573347645,0.662027999426704
61.3812623792328,0.524492056544125,0.294498614293709,0.079982228372314,0.661106893435214,2.18625120023428
55.6780032783747,0.672850857579708,0.491221065664478,0.06816069566607,0.672507116292277,2.56663166656985
50.964416948054,0.514627978938073,0.246432620049641,0.051260699091468,0.268622512838198,4.51314692198869
0.722852222109213,0.405244020012766,0.118288155236654,0.04554394126585,0.885094253984652,1.08203895742889
22.0172951881774,0.788812128287926,0.224635937627219,0.06489998338761,0.849945503364364,2.67517960418144
92.096926139621,0.633830481614545,0.269520718344487,0.039740087294385,0.220942368936073,4.70911562384712
18.6982205765322,0.646350969542935,0.486011489288695,0.023947224975727,0.29443364122184,3.54622080116416
21.141331071686,0.374799155483395,0.233011266184971,0.065667371585113,0.72404746226701,1.74137502305582
5.1337000366766,0.36628321715109,0.396814604399912,0.02880558533567,0.438580100946361,0.548664165418246
55.2213590359315,0.627089248017594,0.305569959155284,0.073356687499099,0.415604181423737,1.40764935720421
43.2939527872484,0.297559609300271,0.443008531062491,0.037591807916837,0.795383455884457,3.45462949875987
12.345557013154,0.652750309209898,0.20585844691582,0.063852579765252,0.826570791223831,1.77951138559892
47.9319035123568,0.696645782073215,0.108699602483027,0.016078781934197,0.536794966500485,4.22676656936342
76.937990384316,0.253814540634677,0.47182271615658,0.058403326315847,0.453836055416474,0.77286383650871
78.634625423979,0.124431143718213,0.38681639288161,0.057231091781771,0.226564868072048,2.96725812484859
76.0864529473707,0.720082564011216,0.37205764004644,0.075078019362355,0.874122198031703,2.20249594896531
28.6589706635103,0.588694105257839,0.277953284779377,0.043780857724513,0.205090538510401,4.79746969750512
4.21929460791871,0.764405791387707,0.452303691983782,0.022147939106748,0.509379541015392,3.3105676664341
26.7507626271807,0.573792307515442,0.417742278557457,0.038639835062807,0.533203456484945,1.88688769791322
76.487649660511,0.516722275578231,0.175039167280123,0.040354078698396,0.360244415346067,0.691095397340832
69.6507628927007,0.409893574402109,0.157597645288147,0.07709941744776,0.716272339470359,4.75325846724049
2.90343382884748,0.117191660981998,0.346561047089845,0.050896887609605,0.775688311768137,2.34201141059049
38.5857097283471,0.72972972102873,0.472053950132243,0.049045784351318,0.420850026538363,1.61503608900285
94.8856221795548,0.133741857863218,0.468006214020215,0.021915427099101,0.588942983922269,2.94233274802472
64.72343256413,0.860059159572423,0.435235758268274,0.015092553568424,0.661939370843302,2.19461277062504
95.2147992269136,0.354996981830522,0.189425858314522,0.047375745547751,0.308919741138723,2.52775906108366
55.837044133665,0.424391680289432,0.257790482821502,0.07659277045134,0.813252047398454,1.94108572991577
9.91893293526955,0.118987925291806,0.416766427174024,0.043982846408712,0.559982015654771,1.84452379696444
40.8602389031555,0.607175850496814,0.456871827181987,0.03079628707085,0.193097238306282,3.59711334957031
49.6244665596168,0.759346292877197,0.385682472634874,0.067514889576307,0.907463415914401,1.72764113058371
63.5724011930637,0.522004548543692,0.155665141161531,0.071812950064489,0.793903819610644,1.12300150433066
91.8571610242128,0.893650781367719,0.437809259992279,0.070766341151136,0.846726343040355,4.43761910204252
34.6372245158534,0.215112100189924,0.141892225130834,0.060325008362699,0.912639345194213,4.60719652552844
43.7726359187625,0.819140240741149,0.461472395583615,0.075014379044282,0.130472791326093,1.72021937441092
17.3290715381969,0.47927138745524,0.177898665724322,0.061604451088088,0.323749527757196,1.18355861289473
12.7800228042062,0.682847625909373,0.455557606180571,0.037240798667825,0.94411746788337,4.86124805209727
75.6711939616129,0.363333426141366,0.183494764347374,0.02682596064402,0.918585064735962,4.98721830992866
41.4171421443112,0.84811018268913,0.245820531730354,0.038132710224125,0.38604321770356,3.13806448161823
34.414400619315,0.780277687952667,0.479880410507694,0.030876307120407,0.100571739844186,2.77584619594924
44.3453657473437,0.243973551067337,0.182040502336808,0.023434105427549,0.257331954273907,3.11360373172886
66.0577158626635,0.262792946976796,0.364553143423051,0.064258158966471,0.940498913759086,2.63549062269507
71.3613985344768,0.670440763210505,0.107446997296624,0.079787748618962,0.681687401172379,0.938601134337601
2.14315157332458,0.424948014226556,0.189973402192816,0.03538638587282,0.719341152039822,2.62699716161669
99.3237777788192,0.530091928440705,0.355660246928968,0.039496624013279,0.582665158115094,2.78137148295098
38.780547500262,0.679834682190791,0.151652960896492,0.052367237325956,0.111541468645958,3.56771785713139
56.4332956681959,0.647947581645101,0.228645992137678,0.050787251941802,0.399418190346193,4.95442632881855
72.1324369477108,0.10117730062902,0.436672901020572,0.054529661995105,0.789173538493225,1.51015274599451
89.7265118564013,0.771645944408327,0.39534458528813,0.050497149101668,0.99206278379988,4.10246279509529
41.1476327821147,0.48918611500822,0.116401930966415,0.024154882789797,0.169598115645209,2.86188614704402
77.0215586728882,0.538963256041706,0.207250554067642,0.054881985649166,0.727165529370075,0.336745215414558
94.2463385382667,0.367549297693744,0.153422845871374,0.040345957948112,0.186811609544465,1.95851301237394
85.1519903211389,0.619828137992322,0.410914137452841,0.031233977366616,0.904345718741603,3.39556480479846
86.4957825808786,0.410450641348958,0.292974982602149,0.059418830061215,0.413282933798386,3.57893063969421
88.8963312845677,0.320637061368674,0.204279857451841,0.04230070866633,0.748459381719632,2.00268746793154
45.8594340259675,0.517757127953693,0.420117661171779,0.061167781266889,0.222694483217131,1.92823391818255
14.7065428012051,0.749227645135298,0.48532282118015,0.056557344283019,0.167163240463194,1.2205864696895
9.17356920195743,0.391055329499021,0.484426258222386,0.061338777152237,0.158979862222355,3.09596658377652
61.4101359745022,0.643401234071702,0.238087407667376,0.03208150493491,0.870049364800844,0.802172139008995
26.251885929238,0.70490987098068,0.359956486308947,0.062940998862926,0.654786063386593,4.53739904223604
59.3887921193615,0.50294279505387,0.308463159296475,0.036486635010254,0.876476192913717,4.25362618953048
67.2586624921765,0.72080707459338,0.353595597848669,0.065558885721341,0.670877646823507,1.14043500124733
93.4247010538354,0.837170442236215,0.404581492446736,0.051422389557143,0.117169332983252,3.72194938911591
95.7171947142575,0.783086204295605,0.284326624274626,0.029707744170721,0.792530069194222,4.81792185845878
8.2641935036052,0.278317170739174,0.389573182125203,0.027968740903519,0.525353922687005,1.64260164257127
49.2081692104694,0.481730856769159,0.179311078873649,0.027605592302273,0.491174056417402,3.32763083883678
52.7774048760533,0.560884694078565,0.262629573613592,0.024841545712943,0.831749239827134,4.39204847885366
7.6932403399609,0.559277116488293,0.152689468352683,0.029298541069324,0.614280124429334,3.41456760558125
43.4353467763402,0.11047648219876,0.318267220799811,0.03002232594321,0.581712693236303,2.4700354508413
78.468389801262,0.752626798840985,0.453660315011628,0.070176990306641,0.990023895592755,2.29484406990779
10.2315077689942,0.388704871286452,0.330385305071436,0.040071523036764,0.427370383944688,3.25724485370505
49.9690534201451,0.649902508399263,0.354412185715698,0.077838389091645,0.922012831986882,4.3487145622602
36.6920965098776,0.727785206245631,0.358201567088813,0.06476565697301,0.81174789591697,2.10985877472768
60.6923441596329,0.572928467632085,0.451855492240377,0.021176490728858,0.6837503283442,3.52363887947064
42.1781287302729,0.897831397907436,0.235622240416519,0.03298183965137,0.782127189404098,3.96283269655285
23.2225998147391,0.307612786989287,0.285581722024828,0.051356168683916,0.592966748981504,0.294064318951801
57.4061309316661,0.811322672682256,0.444757835440151,0.071536715619841,0.43643558080364,4.00599137804354
32.1631491766777,0.484990230112523,0.208467723675445,0.059255257035375,0.829284309179243,0.830903687231592
27.2746777152177,0.160620197452232,0.465675890224054,0.067914983060951,0.616461109716166,3.05114471712778
17.7678509243298,0.733666605208814,0.119715658514947,0.072783268137346,0.391679960930953,1.53884639969817
88.6872064283118,0.52077306570597,0.258767587556876,0.035664113417186,0.276588862304576,1.67161312986561
85.6237793656532,0.221359144662693,0.261573657744564,0.068234731477825,0.419979391643452,3.66443967788608
68.2199047991075,0.472557842096686,0.377099897838198,0.040543853827643,0.282573776866077,4.94451087753428
96.4262447027024,0.863724796918407,0.251676537432149,0.032188725002531,0.567511444869405,3.24557147377124
24.2884797648061,0.859451955808327,0.387448936124332,0.07855094221592,0.151842840371421,1.99611205481587
87.5278421927709,0.342479446871951,0.254538350421749,0.03718377229776,0.881880368879717,4.76788136811438
23.4509828144219,0.170699562681094,0.195780917528085,0.04935788172123,0.278248331717495,4.93619659505086
87.8933742649853,0.650509553439915,0.243532657855749,0.076886812850793,0.176907994341617,4.75084460480022
31.5295175301377,0.654193400983512,0.176834308353253,0.049650590269847,0.82453695326508,1.5025141826059
37.5711200063582,0.541599336923286,0.307354824131727,0.053472633758662,0.644114142136835,0.752668041383964
71.631040316727,0.157257526722178,0.391751099210605,0.065226736281519,0.554662675222801,3.9536283960389
55.4439962539356,0.107202234203368,0.304152941936068,0.063038014112813,0.753777247027168,2.42428189083992
38.1297346724197,0.123437945823744,0.273750624500215,0.033593002941718,0.74504533941187,2.75274584559584
22.5884803740308,0.678801994514465,0.271226947806031,0.016761764409216,0.139713875038642,1.88015380378347
28.5116049891338,0.473606553864479,0.160554918136448,0.019793285452132,0.555535180463968,4.63722086301295
34.8755500657484,0.178980788755417,0.165266628709994,0.045141849832132,0.243042667359859,0.821027330297744
49.128727661306,0.60061897810176,0.399884969080985,0.017263717057875,0.62972614209312,2.40663473634748
80.3164042212069,0.228143138918653,0.23759496869836,0.021275014876777,0.957349959135195,4.04874415338959
29.2866900756955,0.43296343094334,0.273594986663945,0.039899424338823,0.621421486680349,0.949272482880857
74.2996325045824,0.23351342809312,0.198082784250192,0.021654689689446,0.973443682210893,1.55967798180692
90.5379114019219,0.420403225347027,0.47023625422474,0.048453491476032,0.915209772933833,3.38710376268486
35.9417135638651,0.408425900661945,0.336202706103399,0.063970630747422,0.136309545212984,1.38145758239238
46.6746663115919,0.638740912050381,0.373146947104484,0.026254375703686,0.46876931947316,3.29769481197873
74.4762989385519,0.546542903660983,0.375822613943741,0.015456031279571,0.9935220944501,3.48800790954998
55.0321247781627,0.451285860986263,0.216557660795748,0.068822532591145,0.688035757325636,2.24732297766139
33.2616444161162,0.586449317160249,0.309300503436662,0.06267343402805,0.828108361458033,1.44695117913268
92.659121861076,0.349937955392525,0.219169252146035,0.061121506064164,0.156809141986631,1.10174384246685
7.96092222793959,0.371403827193752,0.296385533135012,0.0690545853816,0.732310592806106,0.515587942639249
84.159350856347,0.377010230952501,0.368103175947443,0.066422750008195,0.305911058833869,2.49883726157236
85.3497799856123,0.593374454815686,0.275638217446581,0.054304568408681,0.190029836902721,1.90746001886518
50.6358309097122,0.545449848544598,0.419435925441608,0.069256918840562,0.401440707232105,3.9891996258595
93.8637729878537,0.348708471833915,0.122356474435329,0.064523487509759,0.663859443946043,1.21291818600032
51.6647519336548,0.190033272667229,0.207180017942004,0.047032909255151,0.209640062533505,0.679387157211197
56.9682110394351,0.557277484241873,0.432756831494346,0.038986160719665,0.259273366345093,0.913636525163427
31.3362040384673,0.318965045526624,0.28782447387483,0.046640197128342,0.250507695682021,1.57041262045584
45.2882054264192,0.146685894404724,0.306539116114378,0.066320171143354,0.587133265397232,4.20565571193164
44.5713746561203,0.496540575801209,0.180528600660898,0.0786577515727,0.999215806412278,1.58233320015948
82.8324754678644,0.387005098593608,0.323582077131048,0.055141942295274,0.804964537684526,4.02122944758146
88.2304612178355,0.386166167310998,0.194457267518155,0.019509207279806,0.695061778995348,3.42916232840228
31.9903302713763,0.176845964844152,0.480356367818825,0.030539597903038,0.753056151937973,4.15812955225154
58.1190838161856,0.138678516902402,0.231412252039649,0.059787142362467,0.962306961567793,3.82008216174669
65.2968321648426,0.691928254007176,0.361400567953289,0.070963397174301,0.195691611891007,0.713152878365945
77.8915979463607,0.477553855919838,0.138333462213911,0.050710029044363,0.997085334040876,4.82424477558176
5.4435765942093,0.152382252170891,0.31283116516117,0.02711719699166,0.370209991958039,2.78930602077255
85.5779965279158,0.808584609290212,0.112368821696192,0.032426443090295,0.529236724374676,0.531420416144887
9.38172113969922,0.401365806197003,0.257006812380068,0.037926043482241,0.433952718299348,1.621763915975
20.7039723831695,0.665024219470099,0.479019251189008,0.01520016137491,0.782288065616926,1.28289351947012
58.3820263797417,0.839714113527536,0.251067367772385,0.016221234522681,0.55785342013482,2.282316058242
64.1751026270911,0.571222846164927,0.34425435178522,0.06017368548871,0.180411692949524,0.600463041711832
97.6624191530049,0.761124368752167,0.302136324638128,0.050125628139654,0.984965803920198,0.99988876521308
65.4673214541283,0.766212984122708,0.280207150346599,0.063181847180992,0.127360887909587,4.89374421978241
64.3796991054434,0.684446243331954,0.396679793480784,0.033492117025983,0.855753228946542,0.92814050814195
37.3529299762566,0.809059112832695,0.314636504914425,0.031942577561839,0.507000004149275,4.14953477481497
17.9227363074198,0.183381841186062,0.331687362962961,0.059897427593216,0.179187745602662,4.32279938744486
4.83934579654597,0.11368312195316,0.340504578667879,0.029650988784102,0.233883515101671,2.33308522008464
18.5877831827849,0.514364695402235,0.218367236476764,0.043429356359977,0.767585503970971,1.05807690337463
57.9454689648468,0.674978272658959,0.29568855860699,0.04323368678272,0.696496887624357,0.613680004283786
73.0176217856351,0.305223315126076,0.203275759366341,0.056813020097716,0.320235721137747,1.60161588857207
52.4352921602316,0.57765025241822,0.428253308156133,0.044587326400988,0.936717128183879,2.06099298246403
79.00492357919,0.889445882210135,0.302991653558984,0.052119548144199,0.892778410533443,2.01223787975463
66.8515185498167,0.344734719883651,0.425812601328455,0.046491696737262,0.737736822581105,0.287578329103533
36.1823288115207,0.635163806934282,0.221918054297566,0.057291598758234,0.625930666137952,0.349795918107498
2.67920277337544,0.874875154308602,0.190434092464484,0.065023694887199,0.352226494661812,2.48154076281225
58.7048920490313,0.268539348907396,0.217402002674714,0.060676151851642,0.899707309219008,2.84347743618244
46.4215695598163,0.103827020935714,0.398971346987411,0.045742816872674,0.506465594635531,4.84121052236261
22.6192799068522,0.49332145867981,0.173546130532213,0.045980538717208,0.446965119706094,0.319805481630028
40.108768286556,0.74730965918526,0.376658533388562,0.078194086744997,0.67923676588256,3.03357283160673
80.764663505461,0.552666221160442,0.488434811754525,0.018142319092278,0.155604046808183,1.54768215611787
38.2146437130403,0.839095601241663,0.102264795179665,0.069916455516983,0.466733163403114,4.12612837796123
21.240138470754,0.668477633694187,0.276202716862038,0.031897258226245,0.366548714520177,0.483697366578621
4.43648225832731,0.122064550351724,0.423487990547158,0.07627573912689,0.646304893862177,3.06503108741762
99.5251589395106,0.482561904579774,0.454560000237264,0.075954091038725,0.225037425404368,4.31347022994421
97.905303288158,0.462422532713786,0.299568959468976,0.034705727939326,0.502953898109915,2.01857993526105
40.6426103867125,0.806797626767308,0.240932578356005,0.046410580730811,0.494784545423742,0.986717644372024
8.84767165030353,0.737683032641187,0.298564921641536,0.074741312375616,0.149059679609956,3.77708323158789
15.176334400475,0.740548553264141,0.486563457353599,0.074803149994086,0.966389387555746,3.47915942830651
91.4515474065207,0.163013611466065,0.265097743226774,0.045354882531106,0.286556479440583,3.85539637793077
68.941061289655,0.753813691087067,0.469357790500671,0.05274617858151,0.301276697764639,2.14971213652752
72.7025930694304,0.286793905328214,0.447279017147608,0.04831898430866,0.5778125313967,4.93097243886034
28.3635844755918,0.333794746268541,0.467297982941568,0.076116655889333,0.394201256653993,1.31103465884493
25.1468429650646,0.236385923500359,0.413809909247234,0.016573406692324,0.290912490435829,1.41439471265033
38.8532303658314,0.303135850448161,0.193453262499347,0.050002407915078,0.735298311481206,2.12002398956486
37.9527123165782,0.828282233856246,0.156509683587775,0.047908160564315,0.760279987581167,3.49941546203184
77.7206829777919,0.167674974215031,0.477951323286258,0.077597050016241,0.270312429846311,3.0074096357685
84.263399898773,0.498681041929871,0.30965671282839,0.058581063782843,0.84053238221407,4.49422186302731
10.9471930448432,0.356704243718088,0.213932950728759,0.058718308133769,0.503939238693845,1.45669263384712
40.5503765587229,0.199907797830179,0.482400270012952,0.067835213439884,0.873175862472411,3.84540795911243
87.7691597970668,0.383467122337595,0.357433897224814,0.046803574252739,0.871777285047388,0.648088968572556
73.5313737402204,0.464545782230422,0.106296170614101,0.0281705246939,0.460512556396425,0.768657553078257
36.8944234236144,0.138346599052101,0.144644063071907,0.042541402124886,0.375696081526624,3.01518091234087
62.8983271392062,0.226338223296404,0.128131958143227,0.040777267081454,0.9102402270481,4.97859046808642
89.9497413434554,0.17675435548164,0.37029270364996,0.03905805029108,0.297810912055429,3.33284083181736
40.2318852252327,0.779868949593231,0.459984973840602,0.07731850307503,0.521776488122763,4.28312351916824
76.795520956954,0.43855202505514,0.363580010606349,0.062092149172095,0.384364095562883,2.17624592055264
65.9365640312433,0.503920926473662,0.159983171671815,0.056461817024492,0.210190854898607,3.54968242720631
35.2474316527601,0.187415696569532,0.182994910769165,0.053812218603981,0.206662997181481,4.33019582232612
64.4418089484796,0.533402197293565,0.30096285448093,0.055495544552081,0.189019306256017,1.37401806887903
16.3774595169816,0.13645416633077,0.107106174503639,0.073371522088607,0.667633564259484,0.490194091796177
90.8731821149588,0.697222084013745,0.219728826291114,0.066815035091166,0.702458868116094,1.42876098752604
96.1991241470445,0.580677174374834,0.114054232212342,0.026500736388862,0.901221788345557,3.37146342605422
99.0144688662142,0.161465056299791,0.135184769458883,0.064323620452308,0.464413893997017,1.14414597298962
88.5909871324431,0.709245812901482,0.18734424449876,0.061689635082246,0.657631827278202,3.35458910954662
6.46941486080177,0.112554943932965,0.119161093908921,0.026027549942425,0.728341079141153,3.70559481151949
14.388135063462,0.144720336868614,0.453382175076939,0.07293194734453,0.561325822610594,3.4086072019774
48.5990793819074,0.699749407880381,0.136379162582941,0.0252541842896,0.681045637236908,1.35448183362198
96.9044528428465,0.256611755304411,0.114409837164916,0.045006023031341,0.442991009395802,4.6690450019401
42.2347555896733,0.829720243024081,0.451039626974613,0.021396497605101,0.390281662595226,3.10814059272502
34.1431369619444,0.657248567017168,0.44080557678286,0.042594544176669,0.194808059123345,4.52391135479987
81.5532678393181,0.603278665057942,0.460024787844531,0.049213253740887,0.121659738227073,2.6204274963832
37.169992139563,0.82325189310722,0.475786360564269,0.055721280939644,0.230948065169249,2.21683936167031
42.9570689797401,0.126626263651252,0.406617788956314,0.025562759375221,0.632249434607197,2.37524477721797
28.1092594050337,0.62174869126752,0.398300099079311,0.037658486390824,0.853955903376313,4.39010797742242
19.8016770658083,0.662784182581678,0.496243353288621,0.045676096415087,0.927758632793045,2.04364615080331
54.6046363449655,0.443599176456407,0.44345086668022,0.073098112596495,0.570126512855478,3.02905110549391
5.70427892319858,0.82181538029015,0.494838564233296,0.041641781659229,0.293722549252212,4.23893413685367
19.0860464049038,0.812233704550192,0.185834021799266,0.039630833528205,0.839361241016863,4.37690561121062
57.7191804972477,0.446221737783402,0.15408595708888,0.02939400683248,0.378951379818888,4.8696328095214
12.8685388299171,0.530665598184243,0.388687157869712,0.052953487502676,0.145399181970302,0.38325412776228
93.3147906590253,0.744183611319959,0.426508000022359,0.038908048828573,0.757886796341231,0.25598688604089
79.472402380919,0.199118327510729,0.120645486203954,0.015809265120595,0.810795484847482,3.6429935275577
25.5212075140793,0.282345258407295,0.456174801705033,0.070354793645486,0.84769471550528,0.698593233286869
7.21140197813511,0.86194612881504,0.178452099552006,0.021858001249796,0.585274019007245,0.970400947129587
1.59190334607847,0.316766036010906,0.181578764353879,0.079625368531451,0.517755232725618,1.15545807043894
78.8225929722656,0.628947361475229,0.109852397187985,0.035496746877984,0.575482808889402,4.45045288783859
35.7325363968033,0.209061129931733,0.290185493447259,0.056320014380058,0.807090731077595,2.25510624697246
51.8016373759601,0.148269397709891,0.147140925703384,0.046926092462193,0.313986501569999,0.370772262420272
97.2202661064453,0.757252097977325,0.333025574772991,0.033156929346162,0.284356991132256,2.607775557435
16.9739924121182,0.487204435249791,0.393138150534406,0.051677533245401,0.143605687927268,0.562360798111185
22.8572363004088,0.783891523168236,0.446125379035808,0.040971748485863,0.482978090005973,3.1975156610792
45.7815071817488,0.222717664767057,0.272592170813307,0.050237623644478,0.113344268925814,1.97147446047387
74.1635671099648,0.400118582107499,0.445569760902598,0.035827253890445,0.281510499850288,0.862014521765173
49.5624757592566,0.427441120724753,0.383189809427224,0.016868782871363,0.537482355424017,4.30528082165378
11.8047270678915,0.193786636174098,0.425367218094692,0.05047784943705,0.960530078809801,0.262210908948095
53.1747881310992,0.449633215610683,0.362177934304625,0.020615045999459,0.714122294848785,1.79556095752469
96.686145329941,0.814416337040067,0.338254670774937,0.038390840381235,0.325936792425998,4.4779499505813
56.2297934432514,0.703962405186892,0.495914618739672,0.053486698272401,0.551146257167775,1.20631398553983
65.1332879289519,0.39611106756255,0.463257402122952,0.077447553023952,0.275221215505805,1.19505632687151
95.0539300973993,0.196249692265317,0.250083634268679,0.077744556165289,0.343968484531809,4.80157547471125
70.9715549901128,0.617053208050132,0.110924473930895,0.021599742069684,0.648986268596072,1.27583393561456
21.7877417314798,0.758852367790788,0.378150986956805,0.030255480667881,0.686170347020263,2.38804072332347
67.1462212691549,0.558651543429866,0.240418502729945,0.075205510393586,0.373411056385934,3.93974143306841
72.3157944240142,0.750676559281349,0.413409279933386,0.022763982275731,0.337554348362936,2.06874875594908
11.6940601033159,0.23120734015666,0.339014906412549,0.028935576800311,0.553504748129053,1.58973416820983
85.8623513372615,0.381956988016143,0.28131502191145,0.049455506714261,0.979732868179912,4.77258125474397
13.4937342691235,0.548257505371049,0.125944751116447,0.070778354030235,0.2364559513079,0.397684433904127
30.7337814293336,0.174312977100164,0.249391977776773,0.076787244454713,0.67634388737944,2.44127108543168
76.3317986615468,0.250719523940235,0.20093539131172,0.075476329341081,0.955499777764268,4.05393931688555
20.4714589570649,0.271551367492229,0.278767285606451,0.042279199984514,0.298625846548378,3.28508614204673
41.7468029888347,0.508918783746287,0.382253203145787,0.019847860178356,0.417155441623414,3.87977346916124
87.3918011012953,0.375472325372696,0.157731838125549,0.05496092481937,0.890688521992322,3.635525010527
51.383595710434,0.313977019778639,0.433822479828633,0.044177213815874,0.535084256454464,1.63606379413512
91.3424290553201,0.431794454380125,0.137390746915713,0.057734096163833,0.750050871876953,2.3795768249064
94.589015315799,0.395877090759575,0.311885049975291,0.023457348173198,0.563021849314077,4.40266183681867
66.4307421900798,0.303374021466821,0.212832989800163,0.072078557621562,0.183938093504217,0.444701219517388
93.6777047434822,0.465365849145129,0.427607968997955,0.051980416861805,0.771723447615281,3.05508095333341
57.2751877315342,0.641490445482358,0.165741976374574,0.02402229228928,0.712161110665137,4.36792248849431
77.2715855136048,0.801658540312946,0.163794785110094,0.028115385541152,0.1309772502915,2.16231566975382
83.7559700025711,0.63947477301918,0.342585263748094,0.034019335065889,0.358831203610543,3.96933177493943
48.2145323530305,0.510406132417545,0.492032540065609,0.032708124206998,0.126871430767607,4.67799603478564
79.7158617744222,0.596657782205194,0.395186956955865,0.074267106293156,0.515263303746749,1.85548547480302
7.05061759520322,0.550663172863796,0.266209668576904,0.055196956143624,0.590965944695333,0.519335338696255
78.3817433477845,0.353138040646166,0.145969301873259,0.036949330930894,0.318940639573522,0.85607952767855
2.46773720649071,0.681241395173594,0.2606428749118,0.044796804458227,0.770119103179965,3.60771769075014
81.1309752298053,0.685846242779493,0.193600856942497,0.071695386900667,0.363260974290036,0.622713319182396
89.2148856630083,0.109569756256044,0.367405563786998,0.018491622784571,0.595536080716457,4.53140798340947
52.2667405616026,0.794555358046293,0.379944402984716,0.042864939131641,0.819593194489274,3.62775777467713
6.3972642574925,0.791391300000995,0.234345070501231,0.076373050589133,0.689182356692152,4.9060363960343
24.062855282193,0.345515598921105,0.329381046758965,0.028279072093028,0.228704195774533,3.87282837745687
69.1784619471058,0.246114374954998,0.175524252162315,0.031661203014529,0.405550770956138,3.75817655997782
14.5963043163065,0.608090494219214,0.275009527185932,0.044096226170645,0.909714804737922,3.076416262071
73.372729415819,0.145991694126278,0.408492039086483,0.071045261827123,0.625140543782013,4.64268027264893
64.8317571767606,0.827484330194443,0.210529726769403,0.062379051597402,0.76941553252046,0.84725731482741
80.907251596963,0.15080562377423,0.313771066750959,0.062555847091663,0.932154896885017,4.33910883164639
4.74467049301602,0.185580374468118,0.120893064780906,0.048898946818004,0.571846439275937,0.414022189376294
94.6611052516382,0.80416695968546,0.115855545862392,0.051062479404835,0.765893094984908,3.17595087774261
67.6187661518808,0.31492487504594,0.408881425587647,0.031352177410917,0.348846646936564,1.42192845800496
6.80874293586239,0.631953639547154,0.390126046480052,0.07195523715914,0.640487205635384,3.72874743942393
36.2653230725788,0.611200438494608,0.325754752129503,0.020577639249724,0.747452672061976,0.784719642812503
8.4139034890104,0.34716077407375,0.127150163554959,0.019041010858498,0.20078584302715,0.36137476080202
32.5808484264184,0.579853633594513,0.449671253393032,0.057604031578947,0.516565499554388,3.20931458847027
54.1576280102134,0.140074096492678,0.499150921009481,0.05691225869993,0.53144473152007,4.29422759324824
33.44032556694,0.332941806254536,0.473096728525497,0.057810086192237,0.164584337645071,1.2660938427283
26.0958097319119,0.288312529135868,0.491138575139642,0.054170274456099,0.449894126738189,0.756397284886334
63.6462232761551,0.850293813957646,0.417183621410653,0.019235127232659,0.174262469641678,0.305966027786955
45.0028196319472,0.564790306214243,0.268457532102801,0.060079446368374,0.92878569204905,2.08309838472726
33.6800441446714,0.712432769774273,0.111306387029029,0.05297827647907,0.72132452918673,3.51081778542174
